UserID,basket_icon_click,basket_add_list,basket_add_detail,sort_by,image_picker,account_page_click,promo_banner_click,detail_wishlist_add,list_size_dropdown,closed_minibasket_click,checked_delivery_detail,checked_returns_detail,sign_in,saw_checkout,saw_sizecharts,saw_delivery,saw_account_upgrade,saw_homepage,device_mobile,device_computer,device_tablet,returning_user,loc_uk,ordered
4543-1f992c34-4d31-4196-abde-2355f9c32269,1,1,0,0,0,1,1,0,1,1,0,1,0,0,1,1,1,1,0,0,1,1,1,1
2851-8565ae01-9f93-45a6-854f-036f5eedb324,0,1,0,0,0,0,0,1,0,1,0,0,0,0,0,1,0,1,1,0,1,1,0,1
4147-0148cefa-f6e4-43ce-8662-195c56b46bb8,0,0,0,1,0,0,1,0,1,1,0,0,1,1,1,0,0,0,0,1,0,0,0,0
2317-96c20447-13de-40b2-a24b-f7d086fc8a01,1,0,1,1,0,1,0,1,1,1,0,0,1,1,0,0,1,1,1,1,0,1,0,0
1253-37ed4800-bc56-493d-9bb0-97f791677d40,0,1,1,1,0,1,0,1,1,1,1,1,0,1,0,1,1,1,0,0,1,1,1,1
5138-3250ba4d-e001-4bdd-b579-07cecd2ca1b7,0,1,0,1,0,1,0,0,1,0,0,0,1,1,0,1,1,1,0,0,1,1,1,0
3876-988730a4-f8e1-47f6-b3d7-8c1074fc7ac6,0,0,0,0,0,1,0,1,0,1,0,1,1,1,0,0,0,1,1,0,1,1,0,0
5532-47e45ef3-e7f5-4daa-a08c-460b85ce3002,1,0,0,0,0,1,1,0,0,1,1,1,1,1,1,1,1,1,0,0,1,1,1,0
1692-430f8406-45c5-4035-901c-f1ab1d4f9898,1,0,0,0,1,1,0,1,1,1,1,0,1,1,1,1,1,1,0,0,1,1,1,1
5745-2391c513-1da4-4a34-812d-d72e729c1465,1,0,1,0,0,0,1,1,1,1,1,0,1,1,1,1,0,0,1,0,0,0,1,0
6948-04a715d2-5f08-423f-a0de-39189bf20bda,1,1,0,1,1,1,1,1,1,0,1,0,1,0,0,0,0,1,0,0,0,1,0,0
7958-a7feca9c-040a-4c15-ab4c-49395f444a85,0,1,0,1,0,1,1,1,0,0,1,0,0,0,1,0,0,0,1,0,1,0,0,1
6167-50ee895c-a695-480d-9e2f-32fbf5190448,0,1,1,0,0,0,0,0,1,1,0,1,0,1,0,1,1,1,0,0,0,1,0,1
8858-aa09071c-b746-4949-a063-77309e879269,0,0,1,1,1,1,1,0,1,0,0,1,0,1,0,1,1,1,1,1,1,1,1,0
2051-5dabf344-1278-49da-8d37-991ce2156a49,0,0,1,1,0,0,0,0,0,1,0,0,1,1,0,0,1,0,0,1,0,1,1,1
6395-8ba59cd9-eb54-495e-8d3f-97deb2540a22,1,0,1,0,1,0,1,1,1,0,1,0,1,1,0,0,0,1,1,1,0,1,1,1
4246-e0c8ed28-75b7-48eb-86d4-c4ff03b4d617,0,0,1,1,1,0,0,1,0,0,1,1,1,1,0,1,0,0,0,1,0,0,1,0
3109-825e21c7-2488-4782-899c-c1b21d891ed5,1,1,1,0,1,1,0,1,0,1,0,0,1,0,0,0,1,1,0,0,0,1,1,0
3079-be9f1f8e-8a02-480f-a854-57fca02e2cc4,0,0,1,1,0,0,0,0,1,1,0,1,0,0,1,1,0,0,1,0,0,0,0,1
7338-74658c6e-fd07-406e-bd8e-59a9a73923ec,0,0,0,1,1,1,1,1,0,0,1,1,0,0,1,1,1,1,1,0,1,1,1,0
2387-de6120f5-e478-4c79-8876-79a3b5e87b66,1,1,1,1,1,1,1,0,1,0,1,1,0,0,0,0,1,0,0,1,1,0,0,1
3691-d00c631b-84bd-48a9-b1dd-2f2cf05b7c5b,1,1,1,1,0,1,1,1,1,1,1,1,0,1,0,1,1,1,1,0,0,0,0,1
3976-3478687f-a943-44ae-9f32-cb882d2b54ad,0,1,1,1,0,1,0,1,0,1,0,1,0,0,1,0,1,0,0,0,0,1,0,0
6959-e03bb9ed-5190-4e3f-b00c-85a458b7c462,0,0,0,1,1,0,1,1,0,0,1,1,1,1,1,0,1,0,1,1,1,0,0,0
7970-987174b5-4f31-4c32-b838-98acbc902ec6,0,1,1,1,1,0,0,0,1,1,0,0,0,1,0,1,0,1,0,0,0,1,1,1
2440-412e3423-9202-4dae-a66c-e93d3b1215cf,0,0,1,0,1,1,0,1,1,1,0,0,0,1,0,1,0,1,0,0,0,1,0,0
3725-872af1d7-1d5d-4582-994a-33eed95ab032,1,0,1,1,1,1,0,1,0,1,0,1,0,0,1,0,0,0,0,1,1,0,1,1
2529-d232fd05-900b-41b8-b262-b66f869ea8ba,0,1,0,1,1,1,1,0,1,0,0,0,1,0,0,0,0,1,1,1,1,0,1,0
5166-5e1e72aa-d265-4f61-9415-7c437dff18f9,1,0,0,1,1,1,1,0,0,1,0,1,1,0,0,1,1,0,0,0,1,1,1,0
8244-61655c02-d7b0-4740-bd88-e89bb9b9e903,0,1,0,0,0,1,1,0,1,0,1,0,0,1,1,1,1,0,0,1,1,0,1,1
4300-da67fcb3-bbbd-4684-aa1a-ef089b56334f,0,0,0,0,0,1,0,0,0,0,1,0,1,1,0,0,1,1,0,0,0,0,0,0
8172-02f6854a-f0b0-4c71-993e-8a2152b66c41,1,0,1,1,0,1,0,1,1,0,0,0,0,0,1,0,0,1,0,0,1,0,0,1
9363-4b12ef37-69b6-4058-8f89-0f5c972c9edc,1,1,0,0,0,0,0,1,1,0,1,0,1,0,1,0,0,1,0,0,0,1,1,0
4933-ffae6c36-e8d8-4db7-bf3d-d17483325ca1,1,1,1,1,0,1,1,0,0,0,1,0,1,0,0,1,1,1,0,1,1,0,1,1
7108-72f970e6-49b3-4deb-aa42-886e6123e3b4,1,0,1,1,0,1,0,1,0,1,1,0,1,1,1,0,0,0,1,0,1,1,0,0
3764-a3db9c21-be7d-4f97-b9d7-7cd6fc06691f,0,0,0,0,0,1,0,1,1,1,0,0,0,1,1,0,0,1,0,1,1,1,0,0
6720-6cc25a6e-068b-4db5-8210-f7e09009da3d,1,1,1,0,0,1,1,1,1,1,1,0,1,1,0,1,1,1,0,1,1,0,0,0
1434-050758d4-e918-4e9a-a08a-efd540211e03,0,0,1,1,0,1,1,1,0,1,1,0,0,1,0,0,1,0,1,0,0,0,0,0
9182-9b1bea83-e095-4315-9cfc-cbacb16d962c,0,0,0,0,0,0,0,1,0,0,1,1,1,0,0,1,0,1,0,0,0,0,0,1
6195-3347dd36-53c2-408c-9b6a-b736dd1eeebf,1,0,1,1,0,0,0,1,0,1,1,0,0,1,0,1,0,1,0,1,0,0,0,1
4544-53869e65-9f68-4348-8f44-ff19ed42f196,0,0,1,0,1,0,0,0,0,0,1,1,1,1,0,0,0,0,1,0,0,1,0,1
8733-01922e80-6b40-4bc6-880d-52b28cbd0be5,0,0,1,1,1,0,0,0,1,1,0,1,0,0,1,0,1,1,1,0,1,0,0,0
8191-b2d77e5b-8a4a-4d79-9ccf-9e4ecc440659,1,1,0,0,1,1,1,0,1,1,0,0,1,1,0,1,1,0,1,0,0,1,0,0
4772-f4827a69-f8bb-4958-9767-5e3e5542d5c6,1,0,0,0,1,1,0,0,1,1,0,0,1,1,0,0,1,0,0,1,0,0,1,1
2668-bdcda39a-1d5c-4d61-984c-d7f3045f3be6,1,0,0,1,0,1,0,0,0,0,0,1,0,1,0,0,0,1,1,1,1,1,0,0
5250-bc5b3ee7-2938-4a4f-9996-cafc9c59ca0b,1,0,0,0,1,0,0,0,1,0,1,0,1,1,1,1,1,0,0,0,1,0,1,1
1869-3cfb6337-bb81-4ba3-942c-bb42a6b4ebf9,0,1,0,0,0,0,1,0,1,0,0,0,0,1,1,0,0,0,0,1,0,1,0,1
8792-39cbf198-73f1-4a95-babb-6bc3da8cacda,0,0,1,1,0,1,1,0,0,0,0,0,1,0,1,0,0,1,0,0,1,1,0,0
3896-7466382d-d100-47ab-bb7d-c2191d0a8ce1,0,0,1,1,0,0,0,1,0,0,0,1,0,1,0,1,1,0,1,1,1,0,0,0
3529-588f073c-be07-431a-abe0-846414b95b07,0,0,0,1,0,1,0,1,1,0,0,1,1,1,1,0,1,1,0,0,1,1,0,1
9207-79ee560e-e7c0-4c99-82a9-bcd15f1b0655,0,1,0,0,1,1,1,1,1,1,1,0,1,1,0,1,1,0,0,1,0,0,1,0
6856-049b4b89-6dc8-4623-b991-4d57851ec565,1,1,0,0,0,1,0,0,0,0,0,1,1,1,0,1,0,1,0,0,1,0,1,1
1489-4a1c04c4-d732-479b-b5bf-fd043fcffd31,1,0,1,0,0,0,1,1,1,1,0,1,1,0,0,0,0,1,1,0,1,0,1,0
8053-5edd7450-1aec-4f3a-aafc-138ad3aab4c1,0,0,1,1,0,1,0,0,0,1,0,1,0,1,0,0,1,0,1,1,1,0,0,0
9589-1f4c8b82-c287-4553-9f83-c39cfd487d56,1,1,1,1,1,1,0,0,1,0,1,0,0,1,1,1,1,1,1,1,0,1,0,1
2771-8bf94df3-78e3-4b1b-b0c0-704da84ae2cd,1,1,0,0,1,1,1,1,0,1,0,0,0,1,1,1,1,1,1,1,0,1,0,0
5881-cd94fae3-9902-4208-a8e7-c2c3fdfb2713,1,0,1,1,1,1,0,0,0,0,0,0,1,0,0,1,0,1,0,1,0,1,1,0
6408-158c923b-bbcf-45b8-b064-e0ebd437292d,0,0,0,1,0,1,0,0,1,0,1,1,1,1,0,0,1,1,1,0,1,0,0,0
8376-2c00c6c1-7408-488c-a37a-7b8a2e3353c4,0,1,0,0,0,1,0,0,0,0,1,0,0,1,0,0,1,0,1,1,1,1,1,0
8099-4d90b7c0-4d16-4529-8a91-47dc6ec0dbfa,1,0,1,1,1,0,0,0,1,1,0,0,1,0,1,0,1,0,1,0,1,0,1,0
5224-c93c70fc-c5db-4e5d-a4be-0cad53f9b056,1,1,1,1,1,1,0,1,1,0,1,0,0,1,1,0,0,0,0,0,1,1,0,1
6352-c0cebefa-8313-46ef-a2ed-79ce92ee463e,0,1,1,1,0,0,0,1,0,1,1,0,1,1,0,1,1,0,1,0,0,0,0,0
7052-fcac0abe-6bc5-429f-ab0b-975256eab503,0,1,0,0,0,0,1,1,1,0,0,0,0,1,0,0,1,1,0,0,1,1,0,1
9128-301b449c-96b8-4def-b56b-1097ec37f2a8,1,1,0,0,1,1,0,1,0,1,1,0,0,0,0,1,0,1,0,0,1,0,1,0
3155-92adacc8-ca8f-4dfc-a3e4-0a3c0ccbf436,1,0,0,0,0,0,1,1,1,0,1,1,0,1,1,0,1,1,1,1,1,0,1,1
7713-73de25a6-2af1-4ab6-a4da-ea7443fc76fc,1,0,0,0,1,1,1,0,0,1,1,0,1,1,0,1,1,0,1,1,0,0,0,1
4058-71f5d487-f1d7-4bbe-b530-528483714236,1,0,1,0,0,1,0,1,1,1,0,0,1,0,0,1,0,1,0,1,0,1,1,0
6949-99b15354-131b-4582-a32f-0beefa325922,0,1,0,0,0,1,1,1,0,1,1,0,0,0,1,1,1,1,1,0,0,0,0,0
2464-723c8ec5-ea6c-4a56-bb7f-3ea39754b013,1,1,0,0,1,1,1,0,0,0,1,1,1,1,1,1,1,0,1,1,1,1,1,0
4517-9e9789a4-e5f1-484a-b5f7-e08442dafc64,1,1,1,0,1,0,1,1,1,0,1,0,0,1,1,1,1,1,1,1,1,1,0,1
1570-c557e91c-695b-4bdf-b70c-fe01f1ee03e5,0,0,1,1,1,1,0,1,0,1,1,0,1,0,0,1,1,0,1,1,1,0,1,1
3657-feb78f70-8fa8-499b-80b2-5f88fc075596,1,1,1,1,1,1,1,0,1,0,1,0,1,1,1,0,1,1,0,0,1,1,0,0
9147-4d9945b8-440e-4833-bdf8-304ed5e5a4f7,1,0,0,1,1,0,1,1,1,1,0,1,0,1,1,0,1,0,1,0,0,1,0,0
9180-2f668db4-d298-47aa-8e24-bef05df038cd,0,0,1,0,1,1,1,0,0,1,0,1,1,1,0,0,0,1,1,0,1,0,0,0
9079-9196c9d1-c725-47bb-8f0f-a6f1f3c4755e,0,0,1,1,0,1,1,0,0,1,0,1,0,1,1,1,0,1,1,0,1,0,1,1
1321-1fd22571-6dc9-4a47-b657-a029e13d7d25,1,0,1,0,0,0,0,0,0,1,1,0,1,0,1,0,1,1,1,1,1,0,0,0
3771-a2794755-0138-4434-a32b-075bff9684cc,0,0,0,0,1,0,0,0,0,0,0,1,0,0,1,0,0,1,1,0,0,1,1,1
2577-ca94f053-f778-4600-9d10-9647c937294a,1,1,1,0,0,1,1,0,0,1,1,1,0,1,0,0,0,1,1,1,1,1,1,0
8296-f015b876-68f3-4cdb-8d2a-613a6e524228,1,0,0,1,0,1,0,1,1,1,0,0,0,1,0,0,0,0,0,0,0,1,1,1
6722-79a61f8f-ffc2-4b34-9077-b66210d6dd3b,1,1,0,1,0,1,0,0,1,0,0,1,1,0,0,1,0,1,1,1,0,0,0,1
2120-f30c676f-7985-46fd-bd20-d0481517c539,1,0,0,0,1,1,0,1,1,1,0,1,1,0,0,0,1,1,1,0,1,1,0,1
5643-98fac492-dc9b-45d3-96e3-d7e4c909ee6e,1,0,1,0,0,1,0,1,0,0,0,0,1,1,0,0,1,1,0,0,0,0,1,0
4781-d8035e44-6f48-423a-ba5e-723913f538c9,1,0,1,0,1,0,1,1,1,1,1,1,1,1,1,1,1,1,1,0,1,1,1,0
9379-b3e167b4-cef3-4464-ac25-e729999f8fbd,1,0,0,0,1,1,0,1,0,1,1,0,1,0,1,0,0,1,0,0,1,0,0,0
9899-d9831f37-33e4-4637-97f7-76112bbe162b,0,0,1,0,0,1,1,0,0,0,0,1,0,0,1,0,0,1,0,0,0,0,0,0
8285-db27e78f-81b2-4bc8-b90e-05ee40062c1f,0,1,1,0,1,0,0,1,0,0,0,0,1,1,0,0,1,1,0,1,1,0,1,0
6974-9ce7c9b6-c030-4857-ac53-1889b1d3b0e8,0,1,0,1,0,1,0,1,1,0,1,1,1,1,1,0,1,1,0,0,1,1,0,1
9958-9d725bbd-bd62-4aed-a179-cc362f512d11,0,0,0,0,1,0,1,0,0,1,0,0,0,1,0,1,0,1,1,0,1,1,1,1
1824-fcb216f1-d01b-404b-9b96-ee9f8b11d179,0,1,1,0,1,0,0,1,0,1,1,1,0,1,1,0,0,0,1,1,0,0,0,0
6890-4618c857-a5f2-4bf0-b67b-daf04545e65b,1,1,1,0,0,1,1,0,1,0,0,0,1,0,0,1,1,0,0,1,0,1,1,1
3988-0b253624-3c96-44f7-8631-d9cf7f36008d,0,0,0,1,1,0,0,0,0,1,1,0,0,1,1,0,1,1,0,1,0,1,1,0
4910-ed5d2e6d-de1a-4c0f-93ba-f56508a1d342,1,1,0,0,1,0,0,1,1,0,1,1,1,1,0,1,1,0,0,0,0,1,0,0
5594-7a22aeb9-cbd5-485e-8996-588fa4a0dc3f,0,0,1,0,0,1,0,1,0,0,1,0,0,1,1,1,0,1,1,1,0,1,0,1
2576-2f48ddc6-cadc-41bb-82da-3fe83ddee0e7,1,0,1,1,1,0,1,0,0,0,1,0,1,0,0,1,0,0,1,0,0,1,0,1
3665-c257f99d-aad8-4539-9b6d-be94e1380cfb,1,1,0,0,1,1,1,0,0,0,0,0,1,1,1,0,0,1,1,0,0,1,0,0
1998-4f7d27e9-bb5b-4911-83e7-4fa82f69211b,1,0,1,0,1,1,0,1,0,0,1,0,1,1,1,0,1,0,1,0,0,1,1,1
6704-bbd01d9a-20a8-47e4-b671-2ab29a22a200,0,0,0,0,1,1,0,1,0,1,1,1,0,1,1,0,0,0,0,1,0,1,0,0
7338-635a764c-064c-4608-9817-d3953fa3a874,0,1,1,1,0,1,1,0,0,0,1,0,0,0,0,0,1,1,0,1,0,0,0,0
8394-60423824-63fe-4d64-9dee-403e79cce6b0,1,1,0,0,1,1,0,1,0,1,0,1,0,1,0,1,0,1,1,1,0,0,0,0
5962-8f3b0d60-00d9-4857-a722-118d45304d1b,0,1,0,1,1,0,0,0,1,0,1,0,1,0,0,1,1,1,1,1,1,0,1,1
7802-79febe59-ee20-4f96-b471-df6d27ffe6eb,0,1,0,1,0,1,1,0,0,1,1,1,0,1,0,0,0,1,1,0,1,1,0,0
6284-38df8923-c6d9-4560-b2ae-b720008415fd,0,1,0,1,0,1,0,0,1,0,0,0,0,1,1,0,1,0,1,0,1,0,1,0
5477-c26fc8d5-723c-4a89-a677-a9e4ccc9b2b3,0,0,1,1,0,1,0,0,0,0,0,1,0,0,1,0,0,0,0,1,1,1,1,0
6565-7484a817-c783-472e-8e44-9049287e78ed,1,0,0,1,0,1,1,1,0,0,0,1,0,1,1,0,0,0,0,0,0,1,1,0
5413-d5889393-6bcd-412a-941f-341ba6075e01,1,1,0,0,1,1,0,0,0,1,0,0,0,0,0,1,0,0,0,0,1,1,0,1
3012-29af25d8-de90-4cb2-a8d9-fd4153a3ff68,0,0,0,1,1,1,1,1,1,1,0,1,1,1,0,0,1,1,0,0,0,0,0,1
6105-e9fe45e7-de90-4a94-a850-26ff4afdd33e,1,0,0,0,1,0,0,0,1,0,0,0,1,0,0,1,0,1,1,0,0,0,0,0
8589-938d7084-3e96-4b85-b71c-55a7e257f2a7,1,1,1,1,0,0,1,1,1,0,0,1,1,1,0,0,1,0,1,1,0,1,1,0
1242-6dda1e9f-e7d9-43ab-a6b0-6e45cc69e64b,1,0,0,0,0,0,1,0,1,0,1,1,1,1,0,0,0,1,1,1,0,0,0,1
8039-d3d584ba-7c34-470d-b074-a5cd8d83bf16,1,1,0,1,1,1,0,0,0,1,1,0,1,0,0,1,0,1,1,0,0,1,1,0
5389-a0333bce-e600-44dc-8227-255e2057916a,0,1,0,1,0,0,0,0,1,1,1,0,1,0,0,1,1,1,1,1,0,1,1,1
8744-86238429-8813-4ee3-a4d9-ddb3a767b79e,1,1,0,1,0,0,1,0,1,0,0,1,0,1,1,0,1,0,0,0,1,0,0,0
8255-7e739326-3d71-476a-8e96-65ce66afb1ff,0,1,0,1,1,0,1,1,0,1,0,0,1,1,0,1,0,1,1,1,0,1,1,1
7237-abc0f742-2290-436e-b36a-17cfec9ce289,1,1,0,0,0,1,1,0,1,1,1,1,1,0,0,1,1,1,0,1,0,0,0,1
3920-b8fd6afe-1178-43af-81a0-8057cfe1f78c,0,1,1,0,0,1,0,1,1,1,1,1,0,1,1,0,1,1,0,1,1,0,1,0
4412-5dbff632-2e07-4244-86bd-b02055f6246f,1,1,0,0,1,1,0,1,1,1,1,1,1,0,0,0,0,0,0,1,1,0,1,0
4435-37b744bc-a18e-41ff-8e65-a00dfb65a3ca,1,1,1,0,0,0,1,1,0,1,0,1,1,1,0,0,0,1,0,1,1,1,1,1
6281-c90e5f61-88ce-4abb-8102-dea7a4c867b7,1,0,0,1,1,0,0,1,1,1,0,1,1,1,0,0,0,1,1,1,0,1,0,0
1173-e36f51c6-4d5a-40bb-b8fd-98ceddd9cbb9,0,0,0,1,0,1,1,0,1,0,1,1,0,1,0,1,0,1,1,0,0,1,1,0
7224-c5bf6813-fb90-4181-8233-dd2a27a2d060,0,0,1,1,0,1,1,0,0,0,1,0,0,1,1,1,0,1,1,0,0,0,1,1
5225-a63dcb93-0f96-4f39-87d6-e4fc67c37cb5,0,1,1,1,0,1,1,1,1,1,0,1,0,0,1,0,1,1,1,1,1,0,1,0
3772-ce9f3702-0bd4-400e-9949-e44415f16c21,1,1,0,0,0,0,1,1,1,0,1,1,0,0,0,0,1,1,0,1,0,1,0,1
9463-412933d1-793c-4649-9abe-f71795dd4d67,1,0,0,0,0,0,0,0,1,1,1,1,0,1,0,0,0,1,0,0,1,1,0,1
9035-ffc10163-175e-4acb-90ac-bc52387f811c,1,0,0,0,0,1,0,0,0,0,1,0,1,1,1,1,0,0,1,0,1,1,0,1
6589-6a07435b-7849-4874-9a49-bb6153ec166f,1,0,1,0,1,1,1,0,0,0,1,0,1,0,1,1,0,0,0,1,0,0,1,1
3728-f3c46914-a638-4c5e-85cc-e59a1e285970,0,1,1,1,1,0,0,1,1,1,1,0,1,1,0,1,0,1,1,0,0,1,1,0
4620-8b998c1a-f7ab-4785-9352-19122e16fcdf,1,0,1,0,1,0,1,1,0,0,0,1,0,1,1,0,0,1,1,1,1,1,1,1
5792-8d16dba5-b204-4630-b5f0-2747522b06ae,0,1,1,0,0,0,0,1,0,0,0,0,1,1,1,1,1,1,1,1,1,1,0,0
5286-1e23b125-947e-41f4-97e9-333d9a1ecca2,0,1,1,0,0,0,0,1,1,0,1,0,0,1,1,1,0,0,1,1,0,0,1,1
1597-676cf6f9-43e8-4d7c-b5a9-661b865ecc73,0,1,0,0,1,0,1,1,1,0,0,0,0,1,1,1,1,1,0,1,0,1,0,1
5597-27ff4321-ade3-4ae5-8d6e-b231f3cde749,0,1,1,1,1,0,0,0,1,0,1,1,0,1,1,1,0,1,1,0,1,0,0,0
6838-5fbdbd9b-829d-413b-906c-d4d63b14a2eb,0,1,0,0,0,1,1,0,0,0,1,0,0,1,1,0,0,1,1,1,1,1,1,0
8903-79671a83-a3b9-43d8-a7f0-1ebe6a0529ac,1,0,1,0,0,1,0,1,1,1,0,0,1,1,0,1,1,0,0,0,1,0,1,1
4624-18a87118-abc8-4867-8b67-9ab2608086a1,1,1,0,0,0,1,1,0,0,1,1,0,1,0,0,1,1,1,0,0,0,1,1,1
9951-8175b700-4fe0-4383-afd8-e535a947e5c6,0,1,1,0,1,0,0,0,0,0,0,1,1,1,1,1,1,0,0,0,0,0,1,0
5181-ead9a54d-2ec8-4ef3-8a85-6cb8188bd077,0,1,0,1,1,0,0,0,0,1,0,0,0,1,1,0,1,0,1,1,0,0,1,1
7627-20ae2d67-8c9a-465d-9c15-e2c5a7a3127f,0,0,1,0,1,0,1,1,0,0,1,1,0,0,1,0,0,1,1,1,0,1,1,1
7669-c430175c-6f70-49ac-b0fe-df938c3dde36,0,0,0,0,1,0,1,1,1,0,1,1,1,1,1,0,0,1,1,0,1,1,0,0
6433-79ed7cef-4183-42a6-ad57-6799441572ed,0,0,1,0,0,1,0,0,0,0,1,1,0,0,0,0,1,0,0,0,0,0,0,1
1407-ec72a76b-1edb-45d4-959c-c19ab43240f5,0,0,1,1,1,0,0,1,0,1,1,0,1,0,0,0,0,1,1,1,0,1,1,0
5251-0ab8aff3-7946-4011-9ffa-ed8418b6dac6,0,1,0,1,0,0,0,1,1,0,1,0,0,1,1,0,1,0,1,0,1,1,1,1
1270-791e7732-f8f2-4a01-8331-0bc609c45453,1,1,0,1,0,1,1,1,0,0,1,1,0,0,1,0,1,0,1,1,0,1,0,0
8210-2d333456-07d1-4ffd-9e55-9a6f0836c55a,0,1,1,1,1,1,1,1,1,0,0,1,0,0,1,0,0,0,0,1,1,0,1,1
5532-9be5a799-1121-48ad-b8c3-5b4ba6a70af1,0,0,0,1,1,1,0,1,1,1,0,0,0,0,0,1,0,0,0,1,1,0,0,1
3672-b193fc98-cc3d-4b31-af9f-69a4e2380b5e,0,1,0,0,0,1,0,0,0,1,1,1,0,0,0,1,0,0,1,0,1,1,0,1
3531-f0bdaa96-2ecf-4007-b402-28ae7d2dc4ff,0,0,0,0,0,0,0,1,0,0,0,0,1,1,1,0,0,0,0,0,1,0,1,0
4453-d8c0efac-e206-48cc-8ba9-2a0f6de7ab7d,1,0,0,0,0,0,0,0,1,1,0,0,0,0,1,1,1,1,0,0,0,1,1,0
8915-f238df34-1813-4819-8fb5-45f1b24792e0,0,0,1,1,1,0,0,0,0,0,0,0,0,0,1,1,0,1,1,1,0,1,0,1
6929-fe2a97fa-8cf7-4c33-b8ef-cb394f0ae5c8,1,0,1,0,0,1,0,0,1,1,0,0,1,0,1,0,1,1,1,0,0,1,0,1
5138-e8c3de20-3794-4da6-bfb8-814c734c5a3e,0,0,1,0,1,0,0,0,1,0,1,0,0,0,1,1,1,1,0,1,1,0,1,0
6101-784979e1-d275-4add-b022-26d73358c019,1,1,1,0,1,1,0,0,0,1,0,0,0,0,0,1,1,0,1,0,1,1,1,1
9180-da7cb5f9-33e6-49ca-b8d7-8044d11949f0,1,0,0,1,1,0,1,0,0,1,1,1,0,0,1,1,1,1,1,0,1,1,1,0
4120-723791aa-7d62-47c4-b34f-08185be95a7a,0,0,1,1,0,0,0,0,0,1,1,0,0,0,1,0,0,1,0,0,0,1,0,1
3182-8e9d5dc1-986c-45ff-81a3-bb1acc9e38d4,1,0,1,0,0,0,1,0,1,1,1,1,1,1,0,1,0,0,1,0,1,0,1,1
9598-eb097ab6-33cd-4ca7-97d0-ff98c00c7b61,0,1,0,0,0,1,0,1,0,1,0,1,0,0,1,1,0,0,0,0,0,1,1,0
1519-7f44877a-2361-4bf6-961f-eaee456d01c0,1,0,1,1,0,0,0,1,0,1,1,0,1,1,1,0,1,0,1,0,0,1,1,0
9487-b2329705-c2f0-428e-b1bc-e0e99fd3f661,0,1,0,1,0,1,1,0,0,1,0,0,0,0,1,0,1,0,1,1,1,1,1,0
5130-6291f89a-4e5d-4f42-86db-190301548739,1,0,1,0,0,0,0,1,0,0,0,1,0,1,0,1,0,1,0,0,1,1,1,0
2026-19f4d4f8-2538-4c45-af9c-73ae2da65c06,1,0,0,1,0,0,1,0,0,0,0,1,1,1,0,0,0,1,0,1,1,0,1,1
1976-56063cd2-5986-4c26-8ef2-3decf133de9c,0,0,0,0,0,0,1,1,1,1,0,1,1,1,0,1,1,1,1,1,1,1,1,0
5800-75ab232e-3496-44b4-9210-b3715843f3cf,1,0,0,0,0,1,0,0,0,1,1,0,0,0,1,1,0,0,1,0,1,1,1,0
8787-2df98065-7b82-4383-8d42-237fdb51d372,0,1,0,1,0,1,1,0,1,1,1,0,0,0,0,1,0,0,1,0,1,0,0,1
5795-dab9905e-34a9-453e-aab2-0169d5964433,0,1,1,0,1,0,0,1,0,1,1,0,1,0,0,0,0,0,0,0,1,1,0,1
6826-354e4ec2-6e02-4049-b594-645824716316,1,1,1,1,1,0,1,1,0,1,1,0,1,1,0,1,0,0,0,0,1,1,0,1
9772-8fa97ee3-d33a-46c8-ac06-b16d2654fa66,1,1,0,1,1,0,0,1,1,0,0,0,0,1,0,1,0,0,1,0,1,1,1,1
1304-2b043de5-2a74-4a09-b774-2a3ba38a8dbd,1,1,0,0,0,0,1,0,1,1,1,1,1,1,0,0,0,1,1,1,1,1,1,1
7869-c159996c-2ede-437c-8909-21f46112bf21,0,1,1,1,1,0,1,0,0,0,0,1,0,1,1,1,0,0,1,0,0,1,1,1
9637-ef64cbb2-27ef-4267-973e-c9d4bd5c24de,1,0,0,1,1,1,1,0,0,0,0,1,1,0,1,1,1,0,0,1,0,0,0,0
8902-d861dc45-1435-4472-8d81-192277726f3e,1,0,0,0,1,0,1,0,1,1,1,0,1,1,0,1,0,0,0,1,0,0,1,1
6113-2cb934a1-dd76-4068-adb0-ac51d0b543a3,1,1,0,1,1,0,1,1,1,0,1,1,1,1,0,0,1,0,0,0,0,1,0,1
6636-d6ca4e2a-ebb4-4bc2-bdb7-df30b8ff2ccd,1,0,1,0,0,0,0,0,0,1,1,1,0,0,0,1,0,0,0,1,0,1,1,1
1647-d4e17413-0d6c-4489-834e-f7c2adebe45c,0,1,1,0,1,1,0,1,1,1,1,1,1,0,1,1,0,1,0,0,0,1,1,1
9913-c3cc7511-277c-4970-acb6-8f3ec0677d3f,1,1,1,0,0,1,1,1,1,1,1,0,0,0,0,1,0,0,0,0,0,1,1,1
2084-9c2c1426-97a9-44bd-bb2c-87d7536ef5da,1,0,0,0,1,1,0,0,1,0,1,0,1,0,0,1,0,0,0,0,1,0,1,0
1190-b323fefc-23a2-481b-b648-0f2cc3532498,1,1,1,1,0,1,1,1,0,0,1,1,0,0,1,1,1,1,0,0,1,0,1,1
9368-b84ad6f0-bff2-4543-b097-fd9231fd9491,1,0,0,1,1,0,0,0,1,0,0,0,0,1,0,1,1,0,0,1,0,0,0,1
9477-8d49ec92-6972-4450-bec8-293824e8b1bd,1,0,0,1,0,0,1,0,0,0,1,0,1,0,0,0,1,1,0,0,0,0,1,1
8119-268fe4df-1507-410a-b642-ecf4913a64ed,1,0,0,1,0,1,1,1,0,1,0,0,0,0,0,0,0,0,1,1,1,1,1,1
7063-a5c9418a-a4d6-41ed-80a2-6c7f6ad71a29,1,0,1,0,1,0,0,0,1,0,0,0,1,1,1,1,0,0,1,0,0,0,1,1
9026-8cdf549a-24fa-4593-a7d3-0e915adb15b0,1,1,1,0,0,0,1,0,1,1,0,1,1,0,1,1,0,1,0,0,0,1,1,0
6523-7119a903-5c2e-4434-8d92-01615c861b75,0,1,0,0,1,0,1,0,1,1,1,1,1,1,1,0,0,0,1,1,0,0,0,1
2092-3df76b20-2add-44fa-baee-6613670dc02f,1,1,0,1,1,1,1,0,1,1,1,1,1,1,0,0,1,1,1,1,1,0,0,1
1586-d27c0c26-7d7c-468d-9272-9ea4e9a9c683,1,1,1,0,1,1,0,1,1,1,0,0,0,0,1,1,1,1,1,0,0,0,0,1
6311-9a67af0e-447c-4542-939c-6ae3bb76951e,1,1,1,1,0,0,1,1,0,0,1,1,0,1,1,1,1,1,1,0,1,0,1,0
7225-1db2dabc-9015-4bbd-9b2d-afeb5820668a,0,0,0,0,0,1,1,0,1,1,0,0,0,0,0,1,0,1,1,1,0,0,1,1
1104-0bc429aa-e085-4aa2-b1ed-365e336a09ee,0,0,0,0,1,0,0,0,0,0,0,1,0,1,1,0,1,1,1,1,0,0,0,1
4575-82073041-99ee-4d28-86cd-d35f837ce4f1,0,1,1,1,1,1,1,1,0,1,0,1,1,1,1,0,1,0,0,1,1,0,0,0
3274-fc1ae019-8961-4af2-b1f2-8d1e25305ea8,0,0,0,0,1,1,0,0,0,1,1,1,1,1,0,1,0,0,1,1,1,0,0,0
4272-a8d77214-f715-4518-99f4-bfd476ce7faf,1,0,0,1,1,1,1,0,0,0,0,0,1,1,0,1,1,0,1,1,1,0,0,0
1761-44dc55c9-3da7-4178-a257-27b4ae00837c,0,0,1,1,1,1,1,0,0,1,1,1,0,0,1,1,0,0,1,1,1,0,1,0
7763-65dfa466-156a-4aa9-8587-fc53c4f61301,0,0,0,1,1,1,1,1,0,0,0,1,1,1,0,1,0,1,1,0,0,0,0,0
3391-6f89d6a4-8f45-4999-9759-bcee7e918bda,1,1,0,0,1,1,1,0,1,1,0,1,1,1,0,1,1,0,1,0,0,0,0,1
2938-a438453d-45f1-4cd0-84d4-487ff6b6b1d5,1,1,1,1,0,0,0,0,0,1,1,1,1,1,1,0,0,1,0,1,1,0,1,1
6499-8cab4729-3629-414b-8910-baa5a192a1bf,0,1,0,1,1,1,1,0,1,0,1,1,0,0,0,0,1,1,1,1,0,1,1,1
4362-8dbe720c-a3b4-459a-a29c-1be117e06ad6,1,1,1,1,0,1,1,0,1,1,0,0,0,1,0,0,1,1,1,1,0,1,1,0
7932-56109257-a549-4a43-967e-d12bccde1855,1,0,1,0,0,0,0,1,0,0,1,1,1,0,0,0,1,0,1,0,1,0,1,0
7144-a5bfa7b1-1eb7-4c94-a4d9-8b684e73346e,1,0,0,0,0,0,0,0,1,1,1,0,0,1,0,1,0,1,1,1,0,1,1,1
1905-75c37ed1-0f26-421f-ad8c-8d8e2a606aea,0,1,0,1,1,1,0,1,0,0,1,1,0,0,0,0,0,0,1,0,1,1,1,1
3019-a0976981-a7cc-4756-9a0a-3baea6f08932,1,1,1,0,0,1,0,1,1,1,0,0,0,0,1,0,1,1,1,1,0,1,1,1
5759-9cd4b683-b047-41b0-9088-0c1b2c38fea5,1,1,1,0,0,1,0,1,0,1,1,1,1,1,1,1,0,0,0,0,0,0,1,0
7887-82058c5d-6d48-4d2f-8151-9881e14a1f4d,0,0,1,1,1,0,0,1,0,1,1,0,1,0,1,0,1,1,0,1,1,0,0,1
7654-90483791-d60f-42b8-a855-1394394c9adf,0,1,1,1,0,1,0,1,1,0,1,1,0,1,0,1,1,1,1,1,1,1,1,0
3834-079af5f0-30a9-4594-ad02-97b5ca044669,0,0,0,0,1,1,1,1,1,0,0,1,1,0,1,0,0,1,1,1,0,1,0,1
4070-0f83e0d4-89bf-42d8-99db-c6948c86c17d,1,0,0,1,0,0,1,0,0,1,0,0,1,0,1,0,0,1,0,1,0,1,0,1
6376-89025552-a6c4-439f-92a1-e1b72879b426,1,1,0,0,0,1,0,0,1,0,0,1,0,1,1,0,1,1,0,0,0,1,1,0
6443-a87b4de3-9f2f-4d8a-b62e-393ea9dabe7b,0,0,0,0,1,1,0,1,1,1,0,0,0,1,0,1,1,1,0,0,1,0,1,1
4428-193ab064-048f-4694-98f3-df1a912f5b9b,0,1,0,0,1,0,0,1,0,0,1,0,1,1,0,0,0,1,1,1,0,1,0,1
1351-8850fd85-79b3-492e-bb04-49f4326a6320,0,0,1,1,1,0,1,1,0,1,0,0,0,1,0,1,1,0,1,0,1,1,0,1
5548-90aa8b27-ac2b-4104-9490-dd768c3d45a1,1,1,0,1,0,0,0,1,0,1,0,0,1,0,1,1,0,0,0,0,0,1,1,1
2708-50fef241-38c9-49c0-be91-dad7ab8ee1ca,1,1,1,0,0,0,0,1,0,1,1,0,1,0,1,1,1,0,0,0,1,0,0,1
7902-d390bdd0-f1c8-4676-a1c8-fdd6eec29a41,1,1,1,0,1,0,0,1,0,1,0,1,0,1,1,0,1,1,1,1,1,0,0,0
5418-c148c1fb-4f1a-439b-9ffc-27930227fa77,0,0,0,0,0,1,1,0,1,1,0,1,1,0,0,0,0,0,1,1,1,0,0,1
8555-7f64804d-6bfb-47c4-a5da-9532b51e5331,1,0,0,1,0,0,0,1,1,1,1,0,0,0,0,0,0,1,1,1,1,1,1,0
9959-66833891-5cd1-499a-8d88-28c40d5f4938,1,1,1,1,0,1,0,0,0,0,1,1,0,1,1,0,0,0,0,1,1,0,0,0
6338-bda5790a-c20a-41c7-8463-85cb88c89c05,0,1,1,0,1,1,0,0,1,0,1,0,0,0,0,0,0,1,1,1,1,1,1,0
6806-5936e30a-d3ae-4d3d-af52-37fdbee8d6f2,0,1,0,1,0,1,0,1,0,1,1,0,0,1,1,1,0,1,1,1,1,1,0,1
2606-328aa34c-003f-485b-88a1-15854d3f3274,0,1,0,0,0,1,1,0,1,0,1,1,1,0,0,1,0,0,0,1,1,1,0,1
9829-bf8a6176-ed3a-4310-bf63-24420e4ad685,1,0,1,1,0,1,1,0,0,0,1,0,0,0,1,0,1,1,0,0,0,0,1,1
6716-ac1c30a1-3bd4-40a7-8a01-bb7b39de85ad,0,0,0,0,1,0,0,1,0,0,0,1,1,0,0,0,1,1,0,1,1,0,1,0
1789-10f53d73-e06a-4243-adef-6d317d890ca4,0,0,1,1,0,0,0,0,0,1,1,0,0,0,0,0,0,1,0,0,1,1,0,0
6047-7e49efa6-18b2-4a1f-b335-a0b6fbb454ed,0,0,1,0,1,0,1,0,1,0,1,0,0,1,1,1,1,1,0,0,0,1,0,1
8521-fb6fa3f1-4a7f-42b6-928c-83490a6921d3,0,0,0,0,0,0,0,1,1,0,0,1,0,1,1,0,1,0,0,0,1,1,1,0
8296-6ab5a95a-7b70-47af-a12d-32fc1226a15b,1,1,0,1,1,0,1,0,0,0,0,0,1,1,0,1,0,0,1,1,1,0,1,0
1323-8df29e0c-8ccc-44bc-afa5-68530e09c23f,1,1,1,1,1,1,1,1,0,0,0,0,1,1,1,1,1,0,1,0,1,0,1,1
3231-09fef5d8-0f74-44bc-9fdd-bae4e046e5e5,0,0,0,1,1,0,1,1,0,1,0,0,1,1,1,0,1,1,1,0,0,0,1,0
3283-cd19183c-43cd-4ffc-bb5e-f7f3ae45fe1f,1,1,0,1,1,1,0,0,0,0,0,0,0,0,1,1,1,1,0,0,1,1,0,0
4205-a380ad51-fddd-4c2a-95f0-deed06674388,1,1,1,1,0,0,1,0,1,1,0,0,0,1,1,1,0,1,0,1,0,1,1,1
8966-30204daf-86d1-4de4-8b36-638cffec5c46,0,1,0,1,0,0,1,0,1,0,1,0,0,0,1,1,0,0,1,1,1,0,1,0
7681-77f84562-3e59-4f31-89c7-0714022ed87e,0,0,1,1,0,0,1,1,0,0,0,1,1,1,0,0,0,0,1,0,0,1,0,0
9254-e85627b9-daa9-470a-8e7e-7899059e395a,1,0,1,1,1,0,0,1,0,1,1,0,1,0,1,0,0,0,0,1,1,0,1,1
9007-ad648c08-8844-4cb0-b1ee-eb54093b4bf9,0,0,0,1,0,1,1,0,0,1,0,1,0,0,0,0,0,1,0,1,0,0,1,0
8975-5cf1903d-8ecb-4dce-bc5c-c75966c8369f,0,0,0,0,0,0,1,0,1,0,0,0,1,0,0,0,0,0,1,1,0,0,1,0
4543-91512b49-cf93-4a32-ad43-206f97008bba,0,0,1,1,0,1,1,0,0,1,0,0,1,0,1,1,0,0,1,1,1,1,0,1
2728-b28203cb-7d3a-44e8-82c8-3c6ccebe4542,0,0,1,1,0,1,1,1,0,1,1,1,0,1,1,0,0,0,1,1,1,0,1,0
5415-9cef6548-f69d-496f-955c-073e415f7e0e,1,0,1,0,0,1,0,1,0,0,0,1,1,1,0,0,1,1,1,1,0,0,1,1
5977-db1ff80c-6669-4cf2-ad16-184cf577bef8,1,1,1,1,1,0,1,1,0,0,0,0,1,1,1,1,0,1,0,0,0,1,1,0
3863-b9386603-cba0-48ff-95a6-5883c97940c5,1,0,0,1,0,0,1,1,0,0,1,0,1,1,1,0,0,1,1,0,1,1,0,1
9906-1f096666-7dfd-493a-90c8-75fe1214f307,1,1,1,0,0,0,1,0,1,0,1,1,0,0,1,0,0,1,1,0,0,0,0,1
9594-8b688c2d-75c3-4dfe-9144-0d082ba8167e,1,1,0,0,1,0,1,0,1,1,0,0,0,1,0,1,1,0,0,0,0,1,1,1
9503-70871b29-571b-4db5-ac8a-e5d77502177f,1,1,1,1,1,0,1,1,1,0,0,1,0,1,0,1,1,1,1,0,0,1,0,1
7440-9be9d4fb-4510-4eff-8b26-9b42245a7bcc,1,0,1,0,0,0,1,1,0,0,0,1,0,1,1,0,0,0,1,1,0,1,1,0
1548-755e723a-4d1a-4660-899b-f4086271d8bf,1,1,0,1,1,1,0,0,0,0,0,0,0,0,0,1,1,1,0,1,0,1,1,1
7897-c6291335-4154-421a-8397-26936c2d3dec,1,0,1,1,1,0,1,1,0,1,1,1,0,0,0,0,0,1,0,1,0,1,1,0
2592-538c073a-95b3-48d9-bcc9-80c5bf586232,0,1,0,1,0,0,1,1,0,1,0,0,1,1,0,1,1,1,1,1,0,1,1,1
8527-5850327b-4ac3-4c76-ba3d-8ea88b4ff53a,1,1,0,1,0,1,0,1,1,0,0,0,0,1,0,1,0,0,1,0,1,1,0,0
1845-c1c19076-af4d-4045-aa5a-d39fc5812a9f,0,0,1,0,1,1,1,0,0,1,1,1,0,0,1,0,0,0,1,0,0,1,1,1
9028-a13960e7-9d0b-4bc3-a441-7877d6f95b95,1,0,0,0,0,0,1,0,0,0,0,0,1,1,0,1,1,1,1,1,0,1,1,0
6075-3b8c6d9a-0f0a-4ad9-87ae-93c2309f2cbd,1,0,0,0,0,1,0,1,1,1,1,1,0,0,0,0,0,0,0,0,1,0,1,0
4221-9cf2b738-3c10-4ce5-8515-1ca69b169b26,1,1,1,0,0,1,0,0,0,0,0,1,1,0,1,0,1,1,0,0,1,0,0,0
2892-7cda3bc6-a1c5-44bf-af5a-1a39d5b9feb2,0,1,1,1,0,1,1,0,1,1,0,0,1,1,0,1,0,0,0,0,1,0,0,0
6609-5f8a1343-6d62-4872-b8a1-c9b7b65539e7,0,1,1,0,0,0,0,0,0,1,1,1,0,0,0,0,1,0,0,1,0,0,1,1
2879-2ac86d84-ae01-4f0f-bd39-f88807687a9b,0,0,1,1,0,1,0,0,1,1,1,0,1,0,0,0,1,1,0,1,0,1,0,0
5192-13503613-9332-4ea4-84e5-6a9fbabf59ee,1,0,0,1,1,1,0,0,1,1,1,1,0,0,0,1,1,0,1,0,1,0,1,0
5873-1143756e-7de2-42b6-a3cc-d27947e1073e,1,0,1,1,1,0,1,1,1,1,1,1,0,0,0,1,1,0,0,0,0,1,0,0
4773-bf6e19cb-8b55-4312-b002-6a5d9502a61c,0,0,1,1,0,0,0,0,1,0,0,0,0,0,0,0,0,1,1,0,1,1,0,1
1671-0d0e885e-0673-49fc-a5bd-e0e35b34b4dd,1,0,1,1,1,0,1,1,0,0,1,0,0,0,0,1,0,0,1,0,1,1,1,1
1854-7490c019-8dd1-4245-aaee-4657101c6f39,1,0,0,0,1,1,1,0,1,0,0,1,0,1,0,1,1,0,1,0,1,0,0,1
9687-d35203ab-e55a-456a-8378-b9b9a50fbc64,1,1,1,1,1,0,0,1,0,1,0,0,0,0,1,1,1,0,1,1,1,0,1,1
3494-4a683766-7005-4a1c-8e61-b6259b821bf0,1,1,0,0,1,1,1,1,0,1,0,0,1,1,0,0,1,1,0,0,0,0,0,1
5654-f3d0f1a9-2b91-4608-83ad-b1a8f8f99a9a,1,1,0,1,1,0,1,1,1,1,1,1,0,1,1,1,1,1,1,1,1,1,1,0
8745-8a869c0f-52e0-47bf-bcdd-369f23213a3b,1,0,0,0,1,1,1,1,1,1,1,0,1,1,0,0,1,1,1,1,0,0,0,0
3734-abf9464d-7be3-4f7c-b562-b80002429907,1,1,1,1,1,0,0,0,1,0,1,0,1,1,1,0,0,1,1,0,0,0,1,0
5908-a769817f-fbfd-4b65-97d7-b0e0aad29b60,1,0,1,0,0,1,0,1,0,1,0,0,1,1,0,0,1,1,0,1,0,1,1,0
1823-7dd24682-ab16-424a-96da-c647575ed012,0,1,0,0,1,1,0,0,0,1,0,0,1,0,1,0,1,0,1,1,1,1,1,0
8888-d2c3c393-f704-4e89-98ed-4888b59e7479,0,1,0,0,0,1,0,1,1,0,1,1,1,1,0,1,1,0,1,1,1,1,1,0
5927-f1367661-3119-4729-8b19-44437350e225,1,0,0,0,0,1,0,1,1,1,0,1,1,1,1,0,0,0,0,0,1,1,0,1
3164-c256c66c-657b-488e-a143-c17c8e06b8d6,0,1,1,0,0,1,1,1,1,1,1,1,0,1,0,0,1,1,0,1,1,0,1,1
9474-1781d7c5-7756-4824-9ede-86a8420d5dd4,1,1,1,0,0,1,0,0,1,1,0,0,1,0,0,1,0,1,1,1,0,1,1,1
6279-f61c0443-1e6b-47df-9930-b76d76f960e8,0,1,0,0,1,0,1,0,1,0,1,1,1,0,1,1,1,0,1,0,0,0,1,0
3169-0269fb0a-4271-45be-8c2a-f36da2da39a3,0,1,0,1,1,1,0,0,1,0,0,1,0,1,0,1,0,0,0,0,1,0,0,1
1933-224706d9-f96c-4650-a1de-028a1de9dd52,1,1,0,1,1,0,0,0,0,0,0,1,1,1,0,0,1,0,1,0,0,0,0,1
5712-65311d18-b7e5-4b0b-b59f-8708126ea1e0,0,0,0,0,0,0,0,0,0,0,1,0,1,0,1,1,0,0,0,1,0,0,1,0
1280-1e6f2562-84c6-48c5-bca5-dda11a49fdee,0,1,0,1,1,1,0,1,1,0,0,1,1,0,1,0,0,1,1,1,1,1,1,0
4628-dbc7db66-ed59-4ef1-b3c9-2adf8db11da6,0,1,1,1,0,1,1,1,0,1,1,1,1,1,0,1,1,0,1,1,1,1,1,1
7897-686bd405-bd9b-4b8c-9689-30eddc484a8b,1,0,1,0,0,0,0,0,1,0,1,1,1,0,1,0,1,1,1,0,1,0,1,0
3634-534e0b1b-cb4e-4bc9-9373-ade4f0e4e520,0,1,0,1,0,0,0,0,0,0,0,0,0,1,1,0,0,1,1,1,0,0,1,1
2454-797110d8-470a-453d-9746-1041ad13cf84,0,1,1,1,1,0,0,0,0,0,0,1,1,0,0,0,0,0,1,0,1,1,0,1
7762-45cddda6-545f-47d0-8bc3-d1e94ac29cbe,0,0,1,1,0,1,0,1,0,1,0,1,1,1,1,0,0,0,1,0,0,0,1,0
6341-e34f2ac0-07e6-4626-9d4c-f7db8f8de628,1,1,1,0,0,0,1,1,0,1,0,1,1,1,1,0,0,0,1,1,1,0,1,1
9686-39584842-1aff-4785-9137-2f5f09d2908d,0,1,1,1,0,1,1,0,1,1,0,0,0,1,1,1,1,0,0,1,1,0,1,1
7569-1896bf58-c9e2-4829-825f-44ad9d3551aa,0,1,1,0,0,1,1,0,1,0,1,1,1,1,1,1,1,0,1,1,0,1,0,0
5017-616e6b44-a0bd-48b1-8dc1-eef400d28b3e,0,0,1,0,1,0,1,0,1,1,0,0,0,0,1,0,0,0,0,1,0,1,1,0
4942-f88d7474-9078-4c05-a10d-930ac8f0d750,0,1,0,1,1,1,0,1,0,1,1,0,1,0,1,0,0,1,1,0,0,1,0,1
7348-ed3eff76-40b1-42d3-aacd-d13b7e424898,0,0,0,1,1,0,0,1,0,1,1,0,0,1,0,0,0,0,0,0,0,1,0,0
8748-4b9631af-f5e6-47b1-bd9f-423cf3a1ef36,1,1,1,0,0,0,0,1,1,0,1,0,0,1,0,0,0,1,1,0,1,0,1,0
2443-ffff346e-4046-40bd-a902-bf5e46f44a57,1,0,1,0,1,1,0,0,1,1,0,0,0,1,1,1,0,0,1,1,1,0,0,0
9860-a728a77f-a6f6-4065-ab9a-953085505ca6,1,1,0,0,1,1,0,1,1,0,0,0,1,1,0,0,1,1,0,1,0,1,1,1
3137-94e0964a-5a90-4f9b-8546-37099bb033c8,1,1,0,1,1,1,0,0,1,0,1,0,1,0,1,0,1,1,1,1,0,1,1,0
8354-a197284e-27ce-4999-8cad-5e08872f2c56,0,1,0,0,1,1,1,0,1,0,1,1,0,1,1,0,1,1,0,0,1,1,1,0
9786-b12b3f71-4b9b-493f-bd43-427dbfc954db,1,0,1,1,0,0,0,1,0,0,1,0,1,1,0,0,1,1,0,1,1,0,1,1
4435-3ed903a6-bc20-4da8-ae67-940cf63a6a14,1,0,1,0,0,1,0,0,0,0,1,0,0,1,1,0,1,0,0,0,0,0,0,0
4596-b134f7a7-8754-484b-bad4-d9352854a78a,1,0,1,0,1,1,0,0,1,0,0,1,1,1,1,0,0,0,0,0,0,0,0,1
6273-b1123bac-ffdb-4f85-8552-5cc8cf4353bd,1,0,1,0,1,0,1,0,0,1,1,0,0,1,0,0,1,0,0,0,1,1,0,0
1757-78734d96-736f-4547-b3b3-f7e9aa8ab1a3,0,1,1,0,0,1,0,1,0,1,1,1,1,0,0,1,0,0,0,1,0,0,1,0
8554-801bf310-9c50-4a5d-8a60-88d9a567685c,0,0,0,0,0,0,1,1,1,1,0,0,0,1,1,0,0,1,0,1,0,0,0,0
9183-cbe87586-4f1b-4ee2-925f-bbc0ade2aa90,0,0,1,1,1,0,1,1,0,0,1,1,1,0,0,1,0,0,1,0,1,0,0,1
7590-545e6e33-1fbe-4856-9136-2f5d5a422e2d,1,0,0,0,1,0,1,1,0,1,1,1,1,1,1,0,1,0,1,1,0,1,1,1
5417-b5cc44d3-22b6-48d5-b9af-db673d4ce5fa,0,1,0,0,0,1,1,0,0,1,1,0,0,1,0,1,1,1,0,1,1,1,1,1
4137-ba2a04e8-60fa-4fb0-b91e-1f8614da3999,0,0,0,1,0,0,1,0,0,0,1,0,1,1,0,1,1,0,1,0,0,1,0,1
5551-1b3ab601-0337-4b7f-9c2f-d48f8abd3d22,1,1,0,1,1,1,1,0,0,0,1,0,0,1,0,0,1,0,1,0,0,1,0,0
5615-18773a40-747e-42c4-8fe6-d4678f38e3de,1,1,0,0,1,1,0,0,1,0,1,0,1,1,1,0,1,1,0,0,0,0,0,1
3927-1d5d2373-0e78-4095-879e-7d278a67713c,0,1,1,0,0,0,0,0,1,1,1,1,1,1,1,0,0,0,1,1,0,1,0,1
2534-a1e34959-9712-4095-845e-8dab7b9b3d24,1,1,0,0,0,1,1,0,1,1,0,1,0,1,1,1,0,0,0,1,0,1,0,1
9152-179b17f1-2dc1-4eee-ad23-e5d6ac42f822,1,1,0,0,1,1,1,1,0,0,0,0,1,1,0,1,1,1,0,1,0,1,1,0
3485-adb92a58-95a6-4339-abf7-1d9f4fae1627,0,0,0,0,0,0,0,1,0,0,0,1,1,1,1,0,1,1,1,0,0,1,1,1
3400-0af4623c-bb8c-4ac4-b4d8-0ecdb5ee7634,0,0,0,1,1,1,0,1,0,1,0,0,0,1,0,1,0,1,1,1,0,1,1,1
3925-29152ee3-a833-4b37-9c94-41904c02b1d3,0,0,0,0,1,0,0,1,1,1,1,1,1,1,0,1,0,0,1,0,1,0,1,0
1750-9e940881-b5ae-4e03-bf77-2401d0c488e2,1,1,0,0,0,1,0,1,0,1,0,0,1,0,1,1,0,1,0,1,0,0,0,0
6999-0c05730d-e3bb-4e0c-a641-3943faf39ef6,0,0,0,0,0,0,1,0,0,0,0,0,0,1,0,0,0,1,1,0,0,1,1,1
4200-73ae3509-56d5-425b-95b2-b35075bc6128,1,1,1,1,0,0,1,1,0,1,0,0,1,1,1,0,1,1,0,1,1,1,1,1
6653-5f4b3cb6-0935-4b50-a491-072e27ca2cc7,0,0,1,0,0,1,0,1,0,0,1,1,1,0,0,0,1,0,0,0,1,0,1,1
1502-4f6d9d66-7110-4281-8e72-6e6991df3824,1,1,1,1,0,1,0,0,0,0,1,1,0,0,0,1,1,0,1,1,0,1,0,1
2274-38f7becd-703f-463b-9871-d052e54b4486,1,1,0,1,0,0,1,0,0,0,0,0,0,0,1,1,0,0,1,0,0,1,1,0
9526-358d3d08-a256-424c-8806-eb79f0117af1,1,0,0,1,0,0,1,0,0,1,1,0,0,0,1,1,1,1,0,1,1,1,1,1
3458-06534844-7aba-4e84-8d75-f326778de6fa,0,0,0,0,1,1,1,1,0,0,1,1,1,1,0,1,1,1,0,1,0,1,1,0
5530-cf4b2c55-3ab8-45d8-a1bc-54a83d0e7b17,1,0,0,1,1,0,0,0,0,1,1,1,0,1,0,0,0,0,1,1,1,1,1,1
9927-04836721-86b1-4368-aa03-9217f01700d8,1,1,0,0,1,1,0,0,0,0,0,1,1,0,1,0,1,0,1,1,1,0,0,1
2272-5dc61d91-979c-4fbf-8859-f5722a22fa16,1,0,1,0,1,0,0,0,0,1,1,1,1,1,1,0,0,1,0,0,0,0,1,1
2903-37c9a1d3-4f80-497a-a6e4-03deb64e8271,0,1,0,1,0,0,0,0,0,0,0,0,1,0,1,1,1,1,0,0,1,1,1,0
9247-81a9af6d-ddc2-428a-be43-460fa103b99e,0,1,1,0,1,1,0,1,1,0,1,0,1,1,0,0,0,1,0,1,0,1,0,1
6722-072547b2-7e32-4674-9cf0-72e712757d4d,0,1,0,0,0,1,1,0,1,0,1,1,0,0,0,0,1,0,0,0,0,1,0,0
9515-902b0308-f551-48ab-9260-6d399fd4be98,1,0,1,0,1,0,0,0,1,0,0,1,0,0,0,0,0,1,1,0,0,0,1,0
7281-14e1d23f-d681-4ae9-9af0-64268d4ab49e,0,0,0,1,0,0,0,0,1,0,1,1,1,1,0,1,1,0,1,1,0,1,1,1
4599-ba0ecea1-eb54-4292-a257-4caa87db1af3,1,0,1,1,1,1,0,0,0,1,0,0,1,1,0,1,1,0,0,1,1,0,1,1
8563-303737c3-ea2e-4623-a684-1d0bc2037f13,0,0,0,0,0,1,0,1,0,0,1,0,0,1,1,1,0,0,0,1,1,0,0,1
4311-b5494268-1c24-481a-a357-bf7f2bbac943,0,0,1,0,1,1,0,0,0,1,1,1,0,0,1,0,1,1,1,0,1,0,1,1
7380-d7c9dc4c-fd00-464b-a2ba-a2bb714425bc,0,1,1,0,1,1,1,1,1,0,1,1,0,0,1,1,1,1,1,1,1,1,0,1
9232-53ce1679-c3ae-489a-a9a5-a4ef2aa715ab,1,0,1,1,1,0,1,1,1,1,0,1,1,0,1,1,1,1,1,0,1,0,0,0
2976-c845d003-a026-43d2-85cc-a509e1801a2d,0,1,0,0,1,1,0,0,0,0,1,1,1,0,1,0,0,0,1,0,0,0,1,1
3341-388bc7a2-e472-4648-9c4c-5c5248e3e53e,0,0,0,1,0,1,0,0,0,0,1,0,0,1,1,1,1,0,1,0,1,1,1,1
5320-acee39f5-4996-434f-98a3-9ec9bf98ce9b,1,0,1,1,0,1,0,0,0,1,0,0,0,1,1,1,1,0,0,0,0,0,0,1
7925-680f4142-b1d5-49e2-8eff-bc5e2ab42704,1,1,1,1,1,0,0,0,0,0,1,0,0,1,0,1,1,1,1,1,1,0,1,1
2668-1f865b07-9b2d-440e-a525-8aba848a8712,1,1,1,0,0,0,0,0,1,0,1,1,1,1,0,1,1,0,1,1,0,1,0,1
3848-30274263-1f9d-4f15-8463-114238a6dbe9,1,0,0,0,1,0,0,0,0,1,0,1,1,1,0,1,1,0,0,1,0,1,0,0
3233-56229456-6860-4ed0-95c4-11ff6e4cb97d,0,0,1,0,1,1,0,0,1,1,0,1,0,0,0,1,0,0,1,0,0,1,1,0
4225-b1f5feef-8f58-4df1-9214-eb871f2df397,0,0,0,1,0,1,1,1,0,1,0,0,1,0,1,0,0,0,1,0,0,0,1,1
8127-25b2843d-4217-4ad3-b4fb-f95bb26b7be7,1,1,1,0,1,0,1,0,1,1,1,0,0,0,1,1,1,1,0,0,1,0,0,0
5237-37db25fa-c9a3-47f9-adef-2c075d7f128e,1,0,1,0,0,1,1,0,1,1,0,1,0,0,0,1,0,0,0,0,0,1,0,0
5420-605e8468-99c6-4d5a-9d2e-6d6524ec9ed7,0,0,1,1,1,0,0,0,0,1,0,1,1,0,1,1,1,0,1,0,1,1,0,0
3748-86db35cc-a506-4f12-a45d-ca89047bbe48,0,0,1,1,1,0,1,0,0,0,0,1,0,0,0,1,1,1,1,1,1,1,0,0
8889-609eb2a6-bd5b-4cf0-9564-ffeeb07c4890,1,0,1,0,1,1,1,1,1,1,1,1,0,1,1,0,0,0,1,1,1,1,0,1
3957-c0012f01-0f83-4f94-9907-8ae88e8d9eab,0,1,1,1,1,1,0,0,1,1,1,0,1,0,1,0,0,0,1,0,0,1,1,0
9188-04027db1-0b13-48a5-b544-037077ce61d1,0,0,0,1,0,0,1,0,0,0,1,0,1,1,0,0,1,1,1,1,1,0,1,0
5474-d8141808-1aa3-4776-b0c8-e24beadda440,1,1,0,1,0,1,1,0,0,0,0,0,1,0,1,0,0,0,0,0,1,1,0,1
6985-1949ff65-8cf4-4471-9f60-daa971f794a4,0,0,1,0,0,1,0,1,1,1,1,0,0,1,1,0,0,0,0,1,1,1,1,1
3724-a56930e9-b0b7-4936-8cab-02ef2a6dbc6e,1,1,1,0,0,0,0,1,0,1,1,0,0,1,1,1,0,0,0,1,0,1,1,0
4033-67c73239-8bb2-4254-a6ed-fe4550d313d6,1,0,0,0,0,0,1,1,0,0,1,1,1,1,1,1,0,0,1,1,0,0,0,0
9387-a551304c-0604-48ba-96ef-3b2e8d4200cd,1,1,1,1,1,1,0,0,0,0,0,1,0,0,1,0,0,0,1,1,1,1,1,1
6895-10433c2c-f97a-4937-82d5-787c9b597c7a,1,0,0,0,0,0,1,1,1,1,1,0,0,0,0,1,1,1,1,0,1,0,1,0
5285-c1a1e9a3-66ff-48ed-9cfc-3595b8465ce9,0,0,1,0,1,1,1,0,1,1,1,0,0,1,0,0,0,0,0,1,1,0,0,1
9419-fa5a6fe0-c371-4de5-9378-73d0c9e6e454,0,0,1,0,0,1,1,1,1,0,0,0,1,0,0,1,1,1,1,1,1,0,1,0
7959-2de654e7-8255-4e8f-9f9e-d5d30b937285,1,0,0,0,1,0,0,1,0,1,0,1,1,1,0,0,1,1,0,1,0,1,0,1
3844-596937b3-65dc-4757-b761-d20fc6d5a8dd,1,0,0,0,0,0,0,1,0,0,0,1,0,1,0,0,0,0,0,0,1,0,0,1
3365-d4c754d3-ac16-4850-9d29-8d95e409c20a,0,0,1,1,1,1,0,0,0,1,1,1,0,1,1,0,1,0,0,0,0,0,1,1
5724-5c8122ff-0763-4e2d-9f87-c986eea1e324,1,0,0,1,1,1,0,1,1,0,1,0,0,0,0,0,0,1,0,1,0,0,1,0
9157-d0407e25-4abb-4336-9bae-44ba1a086010,1,1,0,1,0,0,0,0,0,0,1,1,0,1,0,1,1,1,0,0,1,0,1,1
8589-452500b6-5937-4a13-9a19-3e91f6ca9dd0,1,1,0,1,0,0,1,1,0,0,0,1,1,0,0,1,1,0,0,0,1,1,1,1
9944-f3bc52e1-3ede-413f-a81e-54d8d574eae2,0,0,1,0,1,1,0,0,1,0,0,0,1,0,0,0,0,0,1,1,0,0,0,1
6246-30a3400c-8d37-4a20-83c1-a842565dcf93,0,0,0,0,1,0,1,1,0,1,1,0,0,1,0,1,1,0,0,0,1,1,0,0
9176-0f01d9a2-980d-44a3-bc06-d1291da94d83,0,0,0,0,1,0,0,0,1,1,0,1,1,1,0,1,1,0,0,1,1,1,0,0
4491-8aa219b4-56f8-4b6e-bf87-e16bfbc8f132,1,0,0,0,1,1,1,0,0,0,1,1,1,1,1,1,1,0,0,0,0,1,1,1
5753-5825618a-2d4c-4da1-92ec-89b9b7b588e4,1,1,0,0,0,0,1,0,0,0,0,1,1,1,1,0,1,1,1,1,1,1,0,1
3806-6336bba9-b289-4293-aead-191f31addf0b,1,1,1,1,1,1,0,1,1,1,1,0,0,0,1,1,0,1,1,1,0,1,0,0
1026-73399316-48f4-4ce7-82b0-f875b7793f33,1,0,1,1,0,1,1,1,0,0,0,0,0,1,0,0,0,1,0,0,1,0,1,1
9446-595ddf76-6eb0-4fad-89f7-e5ac01701459,0,0,0,0,1,1,0,1,1,1,1,0,0,1,1,0,1,1,1,0,1,0,0,0
2648-45adb0bc-4784-4e8a-a81b-d529e213f76b,1,0,0,0,0,1,0,0,1,1,0,0,1,0,0,0,1,1,0,0,0,0,1,0
7675-ef293680-43b5-4587-8819-52200ed984f9,1,0,1,1,0,0,0,1,0,1,0,0,0,1,0,0,1,0,1,0,1,1,0,1
2834-b3ab95b0-20fd-4782-a4e0-d52d9c53ba9e,1,1,1,1,0,0,0,0,1,0,0,0,0,1,0,1,1,1,0,1,1,1,0,0
5756-6d3e349a-1f72-4bcb-84c8-ee32e06e6c16,0,0,0,0,1,1,1,1,0,1,0,1,1,0,1,1,0,0,0,1,1,1,0,1
3195-9c677b52-73b3-4a17-ad56-234c7c268bcc,1,1,1,0,0,1,1,1,1,1,1,0,1,0,1,0,0,1,0,0,1,0,0,0
3255-340f1f47-f96b-4253-82d5-7b3558697841,0,1,1,0,0,0,0,0,1,1,0,0,0,0,1,1,0,0,1,0,0,0,1,0
9629-40c5a8e3-8971-471f-a757-1c094bc264d9,1,0,0,0,1,0,0,0,0,0,0,1,1,0,1,1,1,0,1,0,0,0,0,1
3789-cf0d2ac5-a9e1-4dd8-b330-853239f50f3a,0,1,0,0,0,0,1,0,0,0,0,0,0,1,0,1,1,0,1,1,0,0,0,1
4776-fc2a0f7f-903e-4d31-bf1f-c9c6276f4bce,0,0,1,1,0,1,1,0,1,1,0,0,1,0,0,1,0,1,1,0,0,1,1,0
5193-5438606f-6d41-4718-8d1f-4236032ac128,1,1,0,1,0,1,0,0,0,1,0,0,1,1,0,0,0,0,0,0,0,1,1,0
6704-b6529cae-d5cb-445c-ab9c-97a29a4b726c,0,1,0,0,0,0,1,1,1,0,0,0,0,0,0,1,0,1,0,1,1,0,1,1
8496-2b58dced-6c98-4515-b8a9-142dcfe821ac,1,1,1,0,1,1,0,1,0,0,0,1,1,0,0,0,1,1,0,1,1,0,0,1
7025-f78fe149-6f35-4296-a4d9-00c8da9165e4,1,1,1,0,0,0,0,0,1,1,1,1,0,1,1,1,0,0,0,0,0,0,0,1
6572-866b313d-7298-4dd8-b37a-df9b10c5227c,1,0,0,0,1,0,1,1,1,1,1,0,1,1,0,0,1,1,1,1,0,0,0,0
2028-c33fdea4-f9c3-40cc-8b7c-8088b46cd7c7,0,1,0,1,1,0,0,1,0,0,0,1,0,1,1,1,0,1,0,0,1,1,1,1
8744-c822b6f9-e9ae-4006-b566-df395d09b3bc,1,1,1,0,0,0,0,1,1,0,0,1,1,1,0,1,1,0,1,1,0,1,0,0
1482-50c78640-4d58-44f9-afd9-6a82d9ce1327,1,1,1,0,1,0,0,0,1,1,0,0,0,0,0,0,0,0,0,1,1,0,1,1
9493-6e10c1b0-58f6-45fb-a495-371222c160bd,0,0,1,1,0,1,0,0,1,0,1,0,1,1,0,1,0,0,1,1,0,0,1,0
2089-37b67fc0-a52b-481a-bfbc-e16a16cb8c9a,1,1,1,1,0,1,1,0,0,0,1,1,1,1,1,0,1,0,1,1,0,0,0,1
8362-c3a1dc62-e64a-43ce-8d3b-9aff215303db,1,1,1,0,1,1,0,1,1,0,1,1,0,1,0,0,1,0,0,0,1,1,0,1
4931-6bd3d2f0-d6da-42a0-8823-4ef94a1d852a,1,0,1,0,1,0,1,0,1,0,0,0,0,1,1,1,1,1,0,1,0,0,1,1
4974-62698dee-30d6-4a99-b842-e73547d452db,0,0,1,1,1,0,0,1,0,0,1,1,0,1,1,0,1,1,0,0,0,1,0,0
4220-8a10a100-890a-41c3-abb1-87f433857a86,0,0,1,0,0,0,0,0,0,0,0,0,1,1,0,0,0,0,0,0,1,1,0,1
2150-cd10e41b-c09d-4ad0-938e-e4649355a47f,1,1,0,1,1,1,0,0,0,1,0,0,0,1,1,0,0,0,1,0,0,0,0,1
8613-7fd7c8d8-98e2-4e2e-9323-06e3c07fd04f,1,1,1,1,1,1,1,1,1,1,0,0,1,1,0,1,1,1,0,0,0,1,1,0
3453-9bdec0a0-0d9d-46bb-95de-37c93969e708,0,1,1,0,0,0,0,1,1,1,0,1,1,0,0,1,1,0,1,0,0,1,0,1
2995-ce6970fb-9755-4d91-9cf9-c45cccf8f0dd,1,0,0,1,1,1,0,0,1,0,0,0,0,0,1,0,1,0,0,0,1,0,1,0
6864-5b7d645e-25d0-4c8b-b9a5-42ef4f36b7af,1,0,1,1,1,0,1,0,1,1,1,0,1,1,1,0,1,1,0,1,0,0,1,0
6113-b27567a9-424b-46a0-85bf-e99e73f7c64d,1,0,0,0,1,1,0,0,0,0,0,0,1,1,0,0,1,0,1,0,0,0,1,1
7118-2371d6f7-c670-4f86-a987-60d4fa09e612,0,1,0,0,0,0,0,0,1,1,1,0,0,0,1,1,1,0,0,0,1,1,1,0
1728-6ca446f1-6bf4-4b98-be6d-7db65aeb84bd,0,1,1,0,1,1,0,0,1,1,1,0,1,1,0,0,0,0,0,1,0,0,0,0
5257-72b5300b-ead7-4fa0-b2c1-2250c1734a5b,0,1,1,1,0,0,1,1,0,0,0,0,0,0,1,0,1,0,0,0,1,0,1,0
6310-373f5a93-eac9-42d9-aadd-9a8de0326838,0,1,0,0,0,0,0,0,1,1,1,0,1,0,1,0,1,0,1,0,0,1,1,0
1860-92833758-04d3-4a99-9eec-69d92753fe02,0,1,1,1,0,0,0,1,1,1,1,1,1,1,1,1,1,1,1,0,0,1,0,0
8332-b40d7d9c-063c-4e62-aae4-4a06e8270440,0,0,0,0,0,0,1,1,0,1,0,1,0,0,0,1,1,0,0,0,1,0,1,0
1474-abba7bbb-c0ba-4f94-8644-0e9c02bc06dc,0,1,0,0,1,0,0,1,1,0,1,0,0,1,1,1,1,0,0,0,0,1,1,0
6362-42c5ec44-4458-4efa-98b9-edfa1e1bc60e,1,0,1,0,1,1,0,0,1,0,1,0,0,1,1,1,1,0,0,0,1,0,0,0
2845-789cc79f-1a32-4657-85d4-c5ff0ee1a64d,0,1,1,0,0,0,0,1,0,1,0,1,0,0,0,1,0,1,0,0,1,1,0,0
8162-d50b6429-ae86-40f6-9bb4-7bea18af0000,1,1,1,1,0,0,1,0,0,0,1,0,1,0,0,0,0,1,0,1,0,0,0,1
9963-e63b9042-27ef-4547-bd12-fdd09b85f36a,1,0,0,0,0,0,0,1,1,1,0,0,0,1,1,0,1,1,1,1,0,0,1,1
7295-676c4f95-22f6-45b1-9429-a66a28a05681,1,0,1,1,0,0,1,0,0,1,0,0,1,1,1,0,1,1,1,0,0,0,0,0
9740-b15db6b4-2846-4189-923e-fc5682230483,1,1,1,0,0,1,1,0,1,1,0,1,0,1,0,0,0,0,0,1,0,1,1,1
9265-8275a479-3c06-4b67-8efb-c14c2352bd58,0,1,0,0,0,1,1,0,0,0,0,1,1,1,1,1,0,1,1,0,0,0,0,1
6346-6e7856e5-1ff4-4323-8fbd-e050a240a86e,1,1,0,0,1,0,0,1,0,1,1,1,0,1,0,0,1,0,0,0,1,1,1,0
7853-afd5168a-563a-48c3-9968-852e122534bd,1,1,1,0,0,0,0,1,1,1,0,0,1,0,0,0,1,0,1,1,0,0,1,0
5520-1abae08d-4979-48be-807e-4e2da455277c,1,1,0,1,0,0,1,1,1,0,1,1,0,1,0,0,0,1,0,1,1,1,0,1
4931-096f3598-3226-42b2-a057-e5f82f48e3ec,0,1,1,0,0,0,0,1,0,1,1,0,1,1,1,1,0,1,0,1,0,0,1,0
1835-16e49a1a-3b22-4cea-929b-5b6c9dac39f1,1,0,1,0,1,1,0,1,0,0,1,0,0,0,0,1,1,0,0,0,1,1,0,0
1177-b1b075ae-6051-4394-b395-278e0e4b007e,1,1,0,1,1,1,0,0,1,0,0,1,1,1,1,0,0,1,1,0,1,1,1,1
1074-08dda898-c7d9-4f28-831d-094f660c337d,0,0,0,0,1,1,0,1,0,1,0,0,0,1,1,1,1,0,0,1,1,1,1,0
5236-0bdd2753-d973-430f-91d2-6372e76b560b,0,0,0,0,1,1,0,1,1,0,0,1,0,1,1,0,1,1,1,0,1,0,1,0
5813-c8d6f128-a6a0-469a-bde0-7f95730d0bb0,0,1,0,0,0,1,1,0,1,0,0,0,1,1,0,1,0,0,0,0,0,1,1,0
4843-5265ee32-7bd3-40f7-907f-85100d468b9a,1,0,0,1,0,0,1,1,0,0,0,1,1,0,0,0,0,0,1,1,0,1,0,1
3721-e9485444-2ae3-4ff7-af93-110a83fbe937,0,1,1,1,0,1,0,1,1,0,0,0,0,0,1,0,0,0,1,0,1,0,1,1
4151-a32c906a-4071-4667-b3bc-b30997a77d8c,0,0,1,0,1,1,1,0,1,1,0,0,1,0,0,1,0,1,1,0,0,1,0,1
5032-233c9e51-aecb-4af9-9ea0-58d740cd0ff5,0,0,0,1,0,1,1,1,1,1,1,1,1,0,1,0,1,0,0,0,0,0,0,1
3436-93de7b9e-18a9-49a9-b1ea-c4d5f3821ad2,0,1,1,0,0,0,1,1,1,0,1,0,0,0,1,1,1,1,0,1,1,0,0,0
8330-6094bd60-9fe6-415d-a7d6-7534f1bc5536,0,0,0,0,0,1,0,0,1,1,0,0,1,0,1,0,0,0,0,0,1,1,0,1
7465-8e2370d7-3d27-4f22-8793-ddd51837042f,0,0,1,1,1,1,1,1,0,0,1,1,0,1,0,0,1,1,1,0,1,1,0,0
4470-784119e1-e620-45b7-b34d-d6405fd13c5a,1,0,1,1,0,1,0,1,0,1,0,1,1,1,1,0,0,1,1,0,0,0,0,0
3556-c043df74-e10a-4b0d-8731-c1db758b9d54,1,1,1,1,0,1,0,1,0,1,1,0,1,1,1,1,1,0,0,1,1,1,1,0
4907-5b4aa36d-0d98-439f-8af8-4bfb62e613b1,1,1,1,1,1,0,1,1,1,1,1,1,1,1,1,0,0,0,1,1,1,0,0,1
1050-8be81a9e-c391-4752-996d-f58d37fcc4a9,1,1,1,1,1,0,1,0,0,1,1,1,1,0,0,0,0,1,1,0,0,0,1,0
3486-047b7bac-c9e5-42c3-a12c-625b6a014189,0,1,1,0,0,1,0,0,0,1,0,1,1,0,0,1,0,1,1,0,0,1,1,0
3743-d8cc1d27-e36a-47ab-ab08-e88e8541616c,0,0,0,1,0,0,1,0,0,1,0,0,1,1,0,0,1,0,0,0,0,0,1,1
2788-1fae6730-10eb-4f50-b35b-7d5bd5263083,1,0,1,0,0,0,1,1,1,0,0,0,1,1,1,1,0,0,0,0,1,0,0,0
6739-64c7fded-6fcc-42b0-be17-228a4888046d,0,1,0,1,0,0,1,0,0,0,0,1,1,1,0,1,0,0,0,0,0,1,0,0
5672-359a5d15-a3d3-46da-a31b-45f8e21aa6bb,0,0,1,0,1,1,1,1,0,1,0,0,0,0,1,0,1,1,0,1,1,0,1,0
1590-e553a40f-8a45-4a58-a129-f8118c4d7fb0,0,1,1,1,1,1,1,0,1,0,1,1,1,1,1,0,0,0,1,1,0,1,0,0
3306-8f7f07af-a243-4640-91e6-81c3564671d6,1,0,0,1,0,0,1,1,0,1,0,1,1,0,0,1,0,0,0,0,1,1,1,0
4262-89e92049-c536-4702-8ad9-85e50f7d9f95,0,0,1,1,0,0,1,1,1,0,0,1,1,1,0,1,0,1,0,1,0,0,1,1
7226-638fd019-10f6-402a-85bf-087e37d040ad,1,0,0,0,1,0,0,1,0,0,0,1,0,1,0,0,1,1,1,1,0,1,1,1
8330-1294406a-d9f8-4def-a73f-eba86e4fb22e,1,1,0,0,0,0,0,1,1,0,0,0,0,0,1,0,1,1,0,1,1,0,1,0
7157-f9c4f84c-7277-41c3-94b8-36a31a2c3046,1,0,0,1,1,1,0,0,1,1,0,0,1,0,0,1,1,0,0,0,1,1,0,0
3968-de356744-75bd-4ce3-bb0e-8c1769e7605d,1,1,1,0,1,0,1,1,1,1,0,0,0,1,1,0,0,0,1,1,1,0,0,0
8051-6b4fff0c-7bbb-43b1-b772-dc415304fa97,1,0,0,1,0,0,0,1,0,1,1,1,1,0,0,1,1,1,0,0,0,0,0,1
2263-440373ab-c43d-4845-a321-86e7e7af686c,1,0,0,1,0,1,1,1,1,0,1,1,1,0,1,1,0,0,1,0,1,0,0,1
2396-1616b8ab-270b-4a18-b764-6ff17d50fec5,1,0,0,0,0,0,0,1,0,1,0,1,0,1,0,1,0,0,1,0,0,0,0,1
8297-875861eb-6d53-4381-b6fb-75d172eded4c,1,1,1,1,0,1,1,0,0,1,0,1,0,1,0,0,1,0,1,0,0,0,1,1
5514-afb6ca7b-8753-4116-b5f2-34650f7926ad,1,0,1,0,0,0,1,0,0,0,1,1,1,1,0,1,1,1,0,1,0,0,1,0
3642-cca57701-1734-410c-8bb9-c3bc91c572b0,0,0,0,1,1,0,0,1,0,1,0,1,1,0,1,0,0,0,1,0,1,1,1,0
1049-e3a24000-3099-4505-92a2-90931eaf043f,0,0,1,1,1,0,0,0,0,0,0,1,0,0,0,0,0,0,0,0,0,1,0,1
3405-eebe312f-2b73-4430-b924-7b88254d9452,0,0,1,1,1,0,0,0,0,0,1,1,0,1,1,0,0,0,0,0,0,1,0,0
7156-6fe81cc1-6df9-4a1f-94d3-b6ed3ea1dfa9,1,0,1,0,1,0,1,1,0,1,1,0,0,0,0,0,1,1,0,0,0,1,1,0
2019-2b55dd63-7485-405b-8618-f5d49005ee94,0,0,0,1,1,1,0,1,1,1,1,0,1,0,1,1,1,1,1,1,1,0,0,1
2971-7ddb4798-9b36-4da8-ad1d-a2e65108bb08,0,0,0,1,0,0,0,1,1,1,1,0,0,0,1,0,1,1,1,0,1,1,1,0
4579-dcddfcbe-784b-445b-8ff5-ff5c21100d94,1,1,1,1,1,1,0,0,0,1,0,0,0,1,0,1,0,1,0,0,0,0,1,1
7672-22cd3efe-1c41-4b65-a880-8bdbd500a873,1,0,0,0,1,0,0,0,1,1,1,1,0,0,1,0,0,0,1,1,0,1,1,1
6867-1f46a8cc-1d70-4d8a-861c-b56fd204a8b9,1,0,0,0,0,0,1,0,0,0,1,0,0,0,1,0,1,0,0,1,0,1,0,0
2455-eca6512b-0f96-4901-9ac4-4310c2539849,1,1,0,1,0,1,0,0,1,0,0,1,0,0,1,1,1,1,1,1,0,1,0,0
3319-880b5cf3-afb5-4b07-880a-a255f2472c24,1,0,0,1,0,1,0,0,0,1,0,1,0,1,0,1,1,1,1,1,1,0,1,0
6053-66bf8099-4e2b-4207-9974-f00d20bd7866,1,1,1,0,0,1,1,0,0,1,1,1,1,0,1,1,1,1,1,1,1,1,0,1
4013-0f5f32a6-6d17-4daf-9fbf-c021af269949,0,1,0,0,1,1,0,0,1,0,1,0,0,0,0,1,0,1,1,1,1,0,0,1
4170-2797a170-b968-48c4-b0a1-28406e6509b1,1,1,1,0,0,1,1,0,0,0,0,0,1,0,0,0,1,0,0,1,1,1,0,1
4511-5f1df844-eed0-44b9-b026-fdfcde2b0d35,0,0,1,0,0,1,0,0,0,0,0,1,1,1,0,1,0,1,0,1,0,1,1,0
7992-c3f18b6f-595f-468b-81ef-c32ca006a44e,1,0,0,1,1,1,0,1,0,1,1,0,1,0,0,0,1,1,0,1,1,0,1,1
5881-5d0ccfe0-a7a3-46b2-b7f4-704bdce91493,0,0,0,0,1,1,1,1,0,0,1,1,0,0,0,1,1,1,1,1,0,0,1,0
4091-d032ea80-4847-4220-a165-077c25b98cf6,0,0,1,0,1,0,1,0,0,1,1,1,0,0,0,0,1,1,1,1,0,1,1,0
4741-ee1c7bbd-e5f6-4579-9b8e-a49261f80fe6,1,0,1,1,1,1,1,1,1,1,0,0,1,0,0,0,0,0,0,1,0,1,0,0
6859-9f5ec560-dab9-461f-910f-29ff613f0061,0,0,0,1,0,1,1,1,1,0,0,1,1,1,1,0,1,1,1,0,0,0,0,1
8743-d2d8f76d-e8b9-43a9-ae54-e70931043aa7,0,0,0,0,0,1,0,1,1,0,1,1,1,1,1,0,1,0,1,0,0,0,0,0
2173-d832aaea-7a93-40c7-90d6-3333a79f25ca,1,1,1,1,1,0,1,0,0,0,1,0,0,1,1,1,0,0,1,1,1,0,0,0
9799-b0b9c1f0-dac3-4cb0-ad78-2d63ef5129c0,1,0,0,0,0,1,1,1,0,1,1,0,1,1,1,1,0,0,1,1,1,1,1,1
1848-398aef6a-1d12-4416-9a94-6c3f22fe8412,0,1,0,1,0,1,0,1,1,0,1,0,0,0,1,1,1,1,1,0,1,1,0,1
3344-edf72516-50d9-416d-b176-42f8a60a2857,0,1,0,0,1,1,1,0,0,0,0,0,1,0,0,0,1,1,0,0,1,1,1,0
4278-a9dc8b03-bed1-4147-a534-32faa3a363f9,1,1,1,1,1,0,0,1,0,1,1,0,1,0,0,1,0,0,0,0,0,1,0,1
3067-c0b970e3-bf0f-42ba-81b3-966c4bb5ef68,0,0,0,1,0,0,1,0,0,1,1,0,1,1,0,0,1,1,0,1,1,0,1,0
4031-d6284d02-5904-4d6b-8cc6-46dc6d854d65,0,0,0,1,1,1,0,1,1,0,1,1,1,0,0,1,1,1,0,0,1,0,1,1
4183-d90ffc59-22e4-4e75-8809-20a0687ad4f1,1,1,1,1,0,1,0,1,1,1,1,1,1,0,0,1,0,0,1,1,0,1,1,1
7555-b4749e78-c66f-4338-b20e-9e49e32abda0,0,1,1,0,0,0,1,1,1,1,1,1,1,0,0,0,0,0,0,0,1,0,1,0
3919-14f479d7-a166-4f84-a261-a4a2681d82cc,0,1,0,0,0,1,0,0,0,1,0,0,1,1,0,0,0,0,1,1,0,1,1,1
9624-2ff8584f-23f4-4dad-805a-a73ede855e52,1,0,0,1,1,0,0,1,0,0,1,0,0,0,0,1,0,1,0,1,0,1,1,1
6718-9fda5f29-8d4d-4fad-8d78-7e6c22772e4c,1,0,1,0,1,0,0,0,0,0,1,1,0,1,1,0,1,0,0,1,1,1,0,1
1117-4dba6c8e-2c98-466d-a846-796782299ea0,0,0,0,1,0,1,1,0,1,0,1,1,0,1,0,1,1,1,1,0,1,0,1,1
7328-bd46f53d-a99f-4083-9c82-db31b9e715e5,0,1,1,0,0,1,1,1,0,1,0,1,0,1,1,1,1,0,0,0,1,0,1,0
9206-eb2513b5-15f2-47fb-9204-7a6f5ae5f6c5,0,0,0,1,0,1,0,0,0,0,0,1,1,1,0,0,0,1,0,0,1,0,0,1
9429-0efda06f-2f49-430a-a186-544a1553440c,1,1,0,0,0,0,1,1,1,0,1,0,0,0,1,1,1,0,0,0,0,1,0,1
3351-bbcfec70-c4a7-4bc7-9e90-a01e3d4a8684,0,1,1,0,1,1,1,1,0,1,0,1,0,0,1,1,0,1,1,0,1,1,0,1
2036-e6a4e3c2-cb5b-4720-8612-4a3ba70dc3ef,0,0,0,1,1,1,0,1,0,0,1,0,0,1,1,1,0,1,0,1,0,0,1,0
6288-ad503b6d-a1d7-4f91-bb7a-3a4ee6946b92,1,1,1,1,0,1,1,1,1,0,0,0,0,1,0,1,0,0,0,1,0,1,0,0
9770-b00aaf6e-30c1-4f7e-a60e-541c092a0c99,1,0,1,0,1,1,1,0,1,1,1,0,1,1,1,1,1,1,1,1,1,1,1,0
9927-32ef0808-67a9-4ffb-90fb-807add6f76f3,0,0,1,1,0,1,0,1,1,1,0,1,1,0,0,1,0,1,1,0,0,0,0,0
3925-20a0ab4a-b699-48cf-9f9c-4e094fd66c3e,0,0,1,0,1,1,1,0,1,1,1,1,1,1,1,1,0,1,0,1,1,1,0,1
1291-6eb4e78f-85be-4a96-9ad1-449848c6ab92,1,0,1,1,0,1,1,0,0,0,1,1,0,1,0,0,1,1,1,1,0,0,1,0
6327-829ee077-e415-4df3-8163-c5391a0cddde,0,0,1,1,1,0,0,0,0,0,0,0,1,0,1,0,0,0,0,1,0,0,0,1
7357-d3e1b008-ff3c-4d1e-9e07-572329bfd810,1,0,1,1,1,1,0,0,0,1,0,1,1,1,0,1,1,0,1,1,1,1,1,1
2831-44341706-b637-44fb-89f7-eb94ee6d6812,1,1,1,1,1,1,1,0,1,1,1,1,1,0,0,0,0,1,0,0,0,0,0,1
6670-0921c2a8-269e-4fec-933a-58b5cccb6637,1,1,0,0,0,0,0,0,1,1,0,0,0,1,1,1,0,1,0,0,0,0,0,1
8691-5f1092d4-6e37-4f67-8bb6-d10b6c403767,0,0,0,1,1,1,0,1,0,0,0,1,0,0,1,0,0,0,1,0,1,1,0,1
6983-253a8140-732a-43f5-bbf9-acd92d633e73,1,0,1,0,0,1,1,0,0,1,1,1,0,0,0,0,0,1,0,0,0,1,1,0
3423-8a4b43a8-fccd-4991-9122-8e25050b0844,0,0,1,1,1,0,0,1,1,1,1,0,0,0,0,1,1,1,0,1,0,0,0,0
4589-0507b1e9-3a04-4cbc-8579-686b625bcb7d,0,1,0,1,1,0,1,1,0,1,1,0,1,0,1,1,0,0,0,0,0,1,1,1
9017-aa3abba4-ec36-455b-88b6-3beccb6f6bbb,0,0,0,1,0,0,0,0,1,0,0,0,1,0,0,1,0,0,0,1,0,1,1,0
8509-e1ecc9cb-b82c-44ca-a0ee-737b4501c1b6,0,1,1,0,0,1,0,0,1,1,1,1,1,0,0,1,1,0,1,0,1,0,0,0
9121-62681aba-f8d1-4617-8d6f-d16d6387b944,1,0,0,0,0,1,0,1,0,0,0,0,1,1,0,1,1,0,1,0,0,1,0,1
6746-8c6922a7-2564-4e8d-b7cb-a8978369637c,0,1,1,1,1,0,0,1,1,0,0,0,0,0,0,1,1,1,1,0,1,0,1,1
9409-8e64665f-6558-44b3-81da-0dd543b96a4c,0,0,1,0,0,0,1,0,0,1,0,0,0,1,1,1,1,0,1,0,0,0,0,1
8682-c89532bc-063e-411f-84ab-71384e544778,0,1,1,1,0,1,1,0,0,1,0,1,1,1,0,0,0,0,0,0,0,0,0,1
7978-ac21c5ec-b49d-4c5e-ac84-5b9dcf7f36f5,0,1,0,1,0,0,0,0,0,1,0,1,0,1,0,0,1,0,0,1,1,1,0,1
9798-9e1234ae-0784-486d-a8de-909f1c0f6a56,1,0,1,1,1,0,0,1,1,1,0,0,0,1,1,0,1,1,1,0,1,1,0,1
2572-87fdd7ce-7f12-48f9-97c7-76f5d5d04be8,0,1,1,0,1,1,0,0,0,0,1,1,1,0,1,1,0,0,1,1,0,1,1,1
4330-028d095b-6c30-47c0-be44-b0eae4366239,0,0,0,0,0,0,1,1,0,0,1,0,0,0,0,0,1,0,0,1,0,1,0,0
3168-6822b9ac-92f7-4c06-8dab-85bfa4671044,1,1,1,1,0,0,0,0,1,0,0,1,0,0,1,0,0,1,1,1,1,0,1,0
1871-b189260f-c4fb-4b4c-9caa-f751a7d12237,0,0,1,1,1,0,0,1,0,0,0,0,0,1,0,0,1,1,1,0,0,1,0,0
5074-bbd997da-d3cd-4d73-841f-be4685055129,1,1,1,0,0,1,1,1,0,0,0,0,1,1,1,0,0,0,1,0,1,1,0,1
4496-d4570b04-6a35-4e1d-aa76-b681fe6ec704,1,1,1,1,0,0,1,0,1,0,1,0,1,0,0,1,1,0,1,1,0,0,0,1
5589-89e1f4d4-45bc-4399-81fd-a197a0a697b4,1,0,0,1,0,1,1,1,1,1,0,0,1,1,0,0,1,1,1,1,1,0,1,0
2511-7ebb6721-0e26-427b-9539-2b200b2f13b1,0,0,0,1,1,0,0,1,0,1,0,1,1,1,0,0,1,0,1,0,0,0,0,0
8202-44be9222-7ef9-42be-8ad6-9d2d137b0dce,0,1,0,1,1,0,1,1,1,0,0,1,0,0,0,0,1,0,0,1,0,1,0,1
9657-d6256a18-dba1-49c6-ab4d-bb799c78e76a,1,1,1,0,1,1,1,1,0,1,1,1,0,1,1,0,0,1,1,0,1,0,1,1
7518-bc13a365-1aa1-4914-aab4-1f8051a706ff,1,1,1,0,1,0,1,1,0,1,0,0,1,0,1,1,0,0,0,1,1,1,0,1
7121-ffeda28f-b9da-4469-a17c-adc4b6525e59,1,0,0,0,1,1,1,1,1,0,1,1,0,0,0,0,0,1,1,1,1,1,0,1
1787-df8f141f-da55-49e5-90d9-7fa692e7a365,1,1,0,0,1,0,0,1,1,1,0,0,0,0,0,0,0,0,1,1,1,0,0,1
9611-0225f667-5098-4403-acef-7d3567791955,1,0,0,1,1,1,0,1,1,1,1,0,0,0,0,0,0,1,0,1,1,1,1,1
6687-52b1737b-ee5b-4553-9948-66f70b3ce661,0,0,0,0,0,1,0,1,0,1,1,0,0,1,1,1,1,0,1,1,1,0,1,0
5767-77d180cf-e27f-40db-bae4-891f3721b56d,1,1,0,1,1,0,1,1,1,1,1,1,1,0,0,0,0,0,1,0,0,0,1,1
8630-199b3291-9d11-4d75-ab6f-b55d64a9b695,1,0,1,1,1,1,0,0,1,0,1,1,1,0,1,1,1,1,0,0,1,1,0,1
2246-1e563a0d-42ec-4eec-891e-7234af060915,0,0,0,1,0,0,0,0,1,0,0,0,1,0,0,1,0,0,1,1,0,1,0,0
8381-b31d5c02-e5d7-42af-9105-2ec67fe75d9d,1,0,1,1,0,0,0,1,1,0,1,1,1,1,0,0,1,0,1,1,0,0,0,1
6081-724accdf-7c23-44ca-995e-8ac8468b3d4e,0,0,0,1,0,0,1,1,1,1,0,0,0,1,1,1,0,0,1,0,1,0,0,1
4004-95315c1e-9f7c-4ac3-abac-47c887fde2b5,0,0,1,1,0,0,0,1,0,0,1,1,0,1,1,0,0,0,1,1,1,1,1,0
7616-f08a9c45-c135-46e7-bd2a-3eef2fd918b4,0,1,1,0,0,0,1,1,1,1,0,0,1,1,0,0,0,1,0,0,1,0,1,0
7600-631f373d-ab28-4b5e-97d4-51e655cccc0e,0,0,0,0,1,1,0,0,0,0,0,1,0,0,0,0,1,0,0,0,1,1,0,0
2321-da18f83f-5e15-407b-add5-6d51c9bf8c81,0,1,1,0,0,0,0,0,0,0,0,0,1,1,1,0,1,0,1,1,0,1,1,0
3062-d5d4f384-3a12-4107-a136-ee994ab0816f,1,0,0,0,1,0,0,1,1,1,0,1,0,0,0,1,0,0,1,0,0,0,0,1
7358-7d9fbae2-00a7-48cd-98d4-ed65b4ebac2b,0,0,1,1,1,0,1,0,0,0,0,1,0,0,0,1,1,1,0,1,0,1,0,0
1993-b449026c-ef92-4aab-9a18-749f1894e9d0,1,0,0,0,0,1,0,0,1,0,1,0,0,0,0,0,1,0,0,0,0,1,1,1
4807-ff19e5e6-81a4-4d7c-859f-4166a418d649,0,0,1,1,0,1,1,0,0,1,0,1,0,0,1,1,1,1,1,1,0,0,1,0
8339-f5ba9997-3992-43af-ab4c-4369639d3a9a,0,0,0,0,0,1,1,1,0,1,0,0,1,1,0,0,0,0,0,1,1,0,0,0
4281-93bf1b12-1749-49ab-8a01-0d7515e69987,1,0,0,0,0,1,1,0,1,1,1,0,1,1,0,0,0,1,0,0,1,1,1,1
4991-73e31c44-f68d-457b-a30a-a5bd95756c8e,0,1,0,0,1,0,1,1,0,1,0,0,0,0,0,1,1,0,0,0,0,1,1,0
2468-d02df85e-979a-4a82-b43e-2a4eb02f7a71,0,0,1,1,1,1,1,0,0,1,0,0,1,0,0,1,1,1,1,0,0,0,1,0
3118-1e86b1fd-de69-4a0a-9508-758d0ff9cfe8,0,1,1,1,0,0,1,1,0,0,1,0,1,1,0,0,1,0,0,0,1,0,1,1
1428-034fb9d9-3f3d-497b-885c-ea7011a4ec3e,0,1,0,0,0,0,0,1,0,1,1,0,0,1,1,1,0,0,1,0,0,1,1,0
3914-b50e4303-c69f-4f80-86bf-cb8dcadc89c2,0,1,1,1,1,1,1,0,1,1,0,0,1,1,1,1,0,0,0,0,0,1,0,0
9431-d1a35514-19d1-481b-b72d-109694e321d8,0,0,1,0,0,1,1,0,1,1,0,1,0,1,0,0,1,1,0,1,0,0,0,0
1196-ceb47801-7c3a-4e0e-8c98-6a5714e1a1c0,1,1,1,1,0,0,0,0,0,1,0,0,1,1,0,1,0,0,0,1,1,1,0,1
2511-1ea683c3-b8a5-436b-a3b1-85073e038d8e,0,0,1,0,0,1,0,1,1,0,1,0,1,0,1,0,1,0,1,0,1,0,0,0
1626-df6ad9e7-bc0e-4bed-8edb-7af7a88d9ae4,0,1,0,0,0,1,1,0,1,0,1,0,1,1,0,1,1,1,0,0,1,0,1,1
2543-f629111d-001f-4360-91b3-e89e5c2e96ce,0,0,1,1,0,1,0,1,0,0,1,0,1,1,1,0,0,0,0,0,1,1,0,1
3507-7fddc41a-3afc-408d-85dc-9d1bb7314752,0,1,1,1,0,0,1,1,0,1,1,1,1,1,1,1,0,0,0,1,1,1,1,0
3650-e165d3bc-7fb6-4755-ae79-fe3c1fcf6ec1,0,1,1,1,0,1,0,1,1,0,1,0,1,0,1,1,1,1,1,0,1,0,1,1
6998-3180a0b9-62e7-4124-a95c-89916a23b191,1,1,0,1,1,1,1,0,0,1,0,0,0,0,1,1,0,1,0,0,1,0,0,1
6202-c59be676-7f81-41cf-9c19-f0bf8f71baa5,0,0,1,0,0,1,0,1,0,0,1,0,1,0,1,0,1,1,0,1,1,1,1,0
3226-521f186e-ab24-454a-9a99-647c2bb90857,1,1,1,1,0,0,1,0,1,1,0,1,1,0,0,1,0,0,1,0,1,0,0,1
1848-c2d71af8-90c7-43cb-a885-047b71e68afe,1,0,1,0,1,0,1,1,1,1,0,1,0,0,1,1,0,0,1,0,0,0,1,1
1073-8fe0cb57-9364-4ae6-90f0-27dbc787c9fa,0,1,0,0,1,0,0,1,1,1,0,1,1,1,0,1,1,1,1,1,1,0,0,0
4574-9a80e155-3bbc-4c34-b998-f159324dc173,0,0,1,1,1,1,0,1,0,1,0,1,0,0,1,0,0,1,1,1,0,1,0,1
9734-4b0d9c48-06fe-4f5c-beca-feaf654b6415,0,0,0,1,0,1,0,0,1,0,0,1,0,1,0,1,1,1,1,1,0,1,0,0
5820-722be0ee-04e6-40f7-8364-491ab39bdd66,1,0,0,0,1,1,0,1,1,1,1,0,0,1,0,0,1,1,0,0,1,0,1,0
3784-4ba03b7a-7a7d-4585-aaee-3170c3d42eb8,1,1,0,1,0,0,0,1,0,0,1,1,1,0,0,1,1,0,0,0,0,1,1,1
3488-c59b4fb5-db05-42ba-9a06-9b69dc5429c0,1,1,1,1,1,1,1,0,1,1,1,0,1,0,0,0,1,1,0,1,1,0,1,0
7690-f2c2e84a-bd1a-4679-89e2-02b6ff7f7677,0,1,1,1,1,1,1,0,1,1,0,1,1,1,1,0,0,1,0,1,1,0,0,0
2208-253ffb18-37f2-42fe-a839-a7e161ed0860,1,1,0,0,0,1,1,0,1,1,1,1,0,1,1,0,0,1,1,0,1,1,0,0
6290-ef93ed42-a8df-41d2-9f4c-2067636a96cd,0,1,1,0,0,1,0,0,1,0,0,1,1,0,0,0,1,0,0,1,0,1,1,0
3543-6aa6ae47-b1f1-4580-9ceb-fdb1e7d63a65,0,0,0,1,1,1,0,0,0,0,0,1,1,0,0,0,0,0,1,1,0,0,1,1
4627-67b414d0-38c1-4069-85ee-5a910ac59a56,0,1,1,0,0,1,0,0,1,1,0,0,1,1,0,0,0,0,0,0,0,1,0,0
1812-2aa0ef28-ce89-43f9-8817-a6c11d4108bf,1,0,1,1,0,1,0,0,1,1,1,0,0,1,1,1,0,0,1,1,0,0,0,1
6651-86f773c2-7db1-40db-8730-3a0e0792b4b1,1,1,0,0,0,1,0,0,0,1,1,0,0,1,0,0,0,0,1,1,1,1,0,1
5894-cfc181db-ae3e-4c5f-aae8-93cef8c339fa,0,0,1,0,1,1,1,1,1,0,1,0,0,0,1,1,0,0,0,1,0,1,1,1
6446-0829de38-da4d-4f58-938c-5efacbcfb4dd,1,0,1,1,1,1,1,0,1,1,1,1,1,1,1,0,1,0,0,0,1,1,0,0
1303-9570b950-c0a3-4988-a0eb-c985d4c25e39,1,0,0,0,1,0,0,1,0,0,1,0,0,1,1,0,1,1,1,0,1,1,0,0
2281-8ae42bcf-7675-4ced-872d-3051df879430,0,0,1,0,1,0,0,0,0,1,1,1,0,0,1,0,1,1,1,0,0,1,1,1
8838-c8e8624e-d5ff-4d81-a420-b9f29ed0e62c,0,0,1,0,1,1,0,0,1,1,1,1,1,0,1,0,1,0,0,1,0,1,0,1
8818-bfc4c416-ea83-4984-8489-5272cba2243d,0,0,1,1,1,1,1,1,1,0,1,0,1,0,0,0,1,0,0,0,1,0,0,0
6741-31a1b55a-ce78-4b54-9762-e162dfee41fa,1,1,0,0,0,1,0,1,0,0,0,0,1,0,0,1,0,0,0,1,0,0,1,0
7943-3baebc2a-cee1-42d7-a174-9d556a6ba4a9,1,1,1,1,0,1,0,0,1,0,1,0,0,0,1,0,1,0,0,0,1,1,1,0
8828-98a3772c-8224-4496-9a52-113436e8a521,1,1,0,1,0,1,1,0,0,0,0,0,1,1,0,1,1,0,1,0,0,0,0,0
9709-580aa9e7-7036-44ad-8fad-22f87907c5dc,0,0,1,0,0,1,1,1,1,1,0,1,1,0,1,0,1,0,0,1,1,0,0,0
9696-1a5a70f4-89ca-4ec1-9a26-2dac95a722b3,1,1,0,0,1,1,0,1,1,1,1,0,0,0,1,1,0,1,0,1,0,1,1,1
3497-ae4343a8-026d-430f-9493-0a5543e5c172,1,0,0,0,1,0,0,1,1,1,1,1,0,1,0,1,0,0,0,0,1,0,0,0
4850-dd0bd476-7f73-4fd6-bc7d-80e96350c175,1,1,1,0,1,0,0,1,0,1,0,1,1,0,0,0,1,0,1,0,0,1,1,0
6003-565247d0-932a-4b32-9ce6-6068e100fe3e,0,0,1,1,0,0,0,1,1,1,0,1,1,0,1,0,1,1,1,1,1,1,0,0
2986-58e66fc4-331f-45a8-9a85-160cd3b87235,1,0,1,1,0,1,1,0,1,1,0,1,0,1,0,1,0,1,0,1,1,1,0,0
4785-92e8816e-43c5-44ef-a753-866e028c6e0b,1,0,0,0,1,1,0,1,0,0,0,1,1,1,0,1,1,1,0,0,1,0,0,0
8363-6df0f1f0-ef15-45e6-b187-ae5923a10abb,1,0,1,1,1,1,1,1,0,0,1,0,0,1,1,0,1,1,1,0,0,1,0,0
2629-8e85c0da-d205-4b08-a4cb-4ef3ae2db97d,0,0,1,1,0,1,0,1,0,1,1,0,1,0,1,1,0,1,0,0,1,0,1,1
6948-2585d741-ae85-42e4-bd7f-29d1bc62b70a,0,0,0,0,1,0,0,0,1,0,0,1,0,0,1,1,0,0,0,1,1,1,0,1
2712-2c3c8adb-fdbc-489f-8271-453588b47d22,0,1,0,1,0,0,0,1,1,1,0,1,1,1,0,0,1,1,0,1,1,1,1,0
8424-d40a98c8-aa6e-4bdf-a242-5eadd82b52a3,0,0,1,1,0,0,0,1,1,0,0,0,1,1,0,0,0,1,1,0,0,1,0,1
5755-23024b67-c506-4e6f-be46-955c39ed94ea,0,0,1,0,1,1,1,0,1,1,0,0,0,0,1,0,0,0,1,1,1,0,1,0
8819-fb5cf6d8-7312-48a0-b6dc-541fc262f4d0,0,0,0,1,0,1,1,1,0,1,1,0,1,0,1,0,1,1,1,1,0,0,1,0
6807-642012fb-94dc-47ab-a202-d4e2e0a15b29,0,0,0,1,0,1,1,0,1,1,1,0,1,1,0,1,0,1,1,1,1,1,0,1
4133-661bd43d-56ee-42fc-b9f5-ba77ee9dfae8,1,0,1,1,0,0,0,0,0,1,0,1,1,0,1,1,0,0,1,0,1,0,1,1
5611-247b0898-da0a-4541-90c6-d74b61a4a616,1,0,0,1,1,0,0,0,1,0,1,1,1,0,0,1,1,1,0,1,1,0,0,1
4399-98bccb11-e897-4c9c-ab39-621c23f67fda,0,0,0,1,0,0,0,0,1,0,1,1,1,0,1,0,1,1,0,0,0,1,0,0
9157-dcdb89ef-ddea-4464-8aaf-623afbc134ca,0,0,0,1,0,0,1,0,0,0,0,1,1,0,1,1,0,0,0,0,1,0,0,1
3928-3bfee000-ca3a-4b86-a4c7-2941f5aa43e1,0,0,0,1,0,0,1,0,1,0,0,0,0,1,1,0,0,0,0,1,0,1,1,1
7641-75c79cf6-f2f9-48c0-b0d2-09bb4f61ff1a,0,0,0,0,1,1,0,0,1,1,0,1,0,1,0,1,1,0,0,1,0,0,0,1
2823-76a49b83-507e-40d6-a458-59ecb11c8943,0,1,1,1,1,0,1,1,1,0,0,0,1,1,0,0,1,0,0,0,1,0,0,1
3579-650c2356-812e-49ad-886c-2c20e9060690,1,0,1,1,0,1,1,1,1,1,0,0,0,0,1,1,1,0,1,1,0,1,1,0
6268-73a9bb3b-63c2-4b86-8094-7a03f5e8f593,0,0,1,1,1,1,0,1,0,1,1,1,0,1,0,1,0,1,1,1,0,1,0,0
7297-042a93a5-e5ae-43a4-97c4-77fb07cc7513,0,0,1,0,1,0,1,1,1,1,0,1,1,0,1,0,0,0,0,1,1,0,1,1
1286-b5416a79-4493-4a99-a750-4a239d5e5e3c,1,1,1,1,0,0,1,0,1,0,1,0,1,1,1,1,1,0,0,1,0,1,1,1
1169-5a3df24b-012b-4026-bfa2-388f469a9f8c,1,1,0,1,1,1,0,1,1,1,1,0,1,0,1,1,0,0,0,1,0,0,0,0
7309-5715513b-a4f6-4b57-b774-b720627d63d5,0,1,1,0,0,0,1,0,0,0,1,1,1,0,1,1,0,1,0,1,1,1,0,0
5619-b887395d-5b53-4a28-b317-8ad42aee89ec,0,0,1,0,0,1,0,0,1,0,1,0,1,0,0,1,1,1,0,1,0,0,1,0
4760-ea0a1b01-6fef-4987-86be-ac9674d8f5a4,0,0,0,1,0,1,0,1,1,0,1,1,0,1,0,0,0,1,1,1,0,0,0,1
4949-e9dc8859-aab7-4d9a-9cac-fc22bdd6562a,1,1,0,0,0,1,0,1,0,1,1,1,1,0,1,0,0,1,1,0,0,1,1,1
8401-6339dc42-3d85-4a76-85c5-c9b4e42573fd,1,0,0,1,0,0,0,0,0,1,0,0,0,0,0,1,0,0,1,1,1,1,1,1
5791-a8e1bb59-833b-4247-98ec-4bc0bda15dc8,0,1,1,0,0,1,0,1,1,1,1,1,0,1,0,1,0,1,1,1,0,0,1,1
7034-2e8b0690-5b69-4e12-a3cf-d097031cccd1,1,0,0,0,0,0,1,0,0,0,1,1,0,1,0,0,0,1,0,0,0,1,1,0
3601-8a1c33f5-bcb4-4ab2-9e96-d51978838bd1,1,1,1,0,1,0,0,0,0,1,1,1,0,0,1,1,1,1,1,1,1,0,0,0
4888-a3e642b4-53c1-4654-95e7-6dbb8637175f,1,0,0,1,0,1,1,0,1,0,1,1,1,1,0,1,0,1,1,0,0,0,0,1
2581-45765b75-c3d7-4e18-99c1-331980b6eaf3,1,1,1,0,0,1,0,0,1,0,1,1,1,0,0,0,1,0,1,1,1,1,0,0
4642-fe8b1d6b-47c7-41a7-9f5b-90c327069e01,0,1,0,0,0,1,1,1,0,1,1,1,1,1,1,1,0,1,0,1,0,0,1,1
2331-d02c038f-de79-43ff-96e5-bfb024dd70da,1,0,1,1,0,1,1,1,0,0,1,1,1,1,1,1,1,1,0,0,1,1,0,0
7643-fb63adbc-264f-41ce-ace6-a6c954128454,1,1,1,0,1,1,1,0,0,1,1,1,0,1,0,0,0,1,0,0,0,1,1,0
5535-bd675d6c-b52e-4f8d-a6ce-4143fbe2382f,1,1,0,1,1,0,1,0,1,1,0,1,1,1,1,0,0,0,0,1,0,0,1,0
3465-f4aa2ad4-cff6-4b58-889d-8f5b2800e016,0,1,0,0,0,1,0,1,0,0,0,0,0,1,0,0,0,1,1,1,0,1,0,0
7068-b1e72632-5096-4027-a32f-f64a6d79083d,1,1,0,0,0,0,1,1,1,1,0,1,1,0,1,1,1,0,1,0,0,0,1,1
7871-aa14fd4c-cba0-4710-a9a6-0ce31cf517fc,1,0,1,0,0,0,0,0,1,1,1,1,1,0,1,0,1,0,0,1,1,1,0,0
7263-581faa6f-ffba-44ed-81ec-79acfd9e0bce,0,1,0,1,0,0,1,1,0,1,1,1,1,0,0,0,0,0,0,0,0,0,0,0
7094-ffff3d41-6a9e-4971-be50-4172830a8038,1,1,1,0,1,1,0,0,1,0,0,0,0,0,0,1,0,1,0,1,0,0,1,1
2000-c8883915-e38e-4f34-92df-a83ba4583f29,1,0,1,0,0,0,0,0,1,1,0,0,0,1,0,1,0,1,0,0,1,1,1,0
4940-918967b1-73ad-41ad-814e-d4b17b3ac942,0,0,0,1,0,0,1,1,0,1,1,1,0,0,1,0,0,1,1,1,0,1,1,1
6787-e069bcba-50bd-4abc-bb88-6b1978fcfe45,0,1,1,1,1,1,0,0,0,1,0,0,1,1,0,0,0,1,1,0,1,1,1,0
3614-6c55cec2-65bb-47c5-8f7b-d3138f4aacbf,1,1,1,1,0,0,1,0,0,0,1,0,1,1,1,0,0,1,1,0,0,1,1,1
6763-42cb1a58-9fe7-4bc8-b245-b75ef6054239,1,0,1,0,0,1,1,1,0,0,1,1,0,1,1,0,1,1,0,1,1,1,0,0
3825-65587a57-1ef9-4e34-a9b5-795e12b6446a,0,0,1,1,0,1,1,1,0,0,0,0,0,0,1,0,0,0,0,1,0,1,0,1
5421-618c0265-d384-46b1-ba25-a61ed56ce599,1,0,0,0,0,1,1,1,0,1,1,0,1,1,1,0,1,0,1,0,0,0,1,0
2711-728f03f9-8696-4a6b-85b6-e980df1c0a0f,1,0,1,1,1,1,0,1,1,1,1,0,0,0,1,1,1,1,1,1,1,1,0,1
5582-c472af85-6b9f-4885-a2b2-e7eb6840cdc3,0,0,0,0,0,0,1,0,1,0,1,1,0,1,0,1,1,1,0,0,0,0,0,1
9879-70089486-3c1c-4495-afe6-395913a52bef,1,1,1,0,0,1,0,1,0,1,0,1,1,0,1,1,1,1,1,1,1,0,0,1
3076-d86bb3a7-6882-41e7-8c20-7cf9f6c4b8a3,0,1,1,1,1,1,1,1,0,1,1,0,1,0,0,0,1,1,1,0,0,0,0,1
7595-11424e6c-455e-4636-84c9-b2fa88af53f4,0,1,1,1,1,1,1,0,0,1,0,0,0,0,0,0,1,0,1,0,0,1,1,1
9340-393e6eda-29a4-4786-a3df-d60e58147333,0,0,1,0,0,0,1,0,0,1,0,1,0,1,0,1,1,0,0,1,1,1,0,1
2958-47e0dff2-3690-492a-a0e3-53402d426d19,0,1,1,0,1,1,1,1,0,0,0,1,1,1,0,1,0,1,0,1,1,0,1,0
7656-3bb54181-a610-4b31-afda-309c012f4dc9,0,0,1,0,1,1,0,1,0,0,1,1,0,1,0,1,0,1,1,1,0,0,1,1
2470-388686e2-dd24-4247-84e3-144ab1025708,1,0,0,0,0,0,0,1,1,1,1,0,0,1,0,1,0,0,0,0,1,1,1,0
1792-c97912e4-8e45-4260-bfa1-a76bbea2b340,0,0,0,1,1,1,1,0,1,0,1,0,0,1,0,1,1,0,1,0,0,0,0,1
6674-96421963-b033-47b6-aeb2-0e766f21aaa2,0,0,1,1,0,1,0,1,0,1,0,0,1,1,1,1,0,1,1,1,0,0,0,0
4906-b233e1f5-3fc8-442b-bedd-0a9119d53b02,1,1,1,0,1,1,1,0,0,0,1,1,0,1,1,0,0,1,0,1,1,0,1,0
2436-76ba9c39-3445-451d-83e5-f5ad9cda5e83,1,0,0,0,0,0,1,1,0,1,0,1,1,0,0,0,1,1,1,0,0,1,0,1
4458-472b2089-3d09-4a04-a1cd-07bb8264420b,0,1,1,0,1,1,0,0,1,0,0,1,0,1,1,0,1,1,0,0,0,0,1,1
3847-5e3a4c29-ce16-4246-ac35-ee24870af7a4,0,0,0,0,1,0,1,0,0,0,0,0,1,0,1,1,1,1,1,1,1,0,0,1
5820-98d0482e-07d2-4d38-90ec-b098d656698f,1,0,0,1,0,1,1,1,0,1,0,0,0,1,0,1,0,0,1,0,1,1,1,0
7109-97653b15-11f5-4ca4-9eec-da76236574c9,0,0,0,1,0,1,0,0,0,1,0,0,0,0,1,0,0,1,1,0,1,1,0,1
2935-deba54e0-24b2-4590-9864-df2ea92dd970,1,1,1,0,0,1,1,1,1,0,1,0,1,1,0,1,0,0,1,1,1,1,1,1
7732-f7959366-b78c-409c-ae51-4bff45d8b76e,0,1,1,0,0,1,0,1,1,1,0,1,1,1,1,1,0,0,1,1,0,1,1,1
8082-aca46799-b434-4cd0-8786-21448e4569ba,1,1,1,1,1,1,0,0,0,0,0,1,1,1,1,0,0,1,1,1,0,1,1,0
9120-6f9b035a-c0da-4346-81f5-ad37999911a6,0,0,1,1,0,1,1,0,0,0,0,0,0,1,1,0,1,0,0,0,0,1,0,1
6447-e88e4e39-4827-40b4-a0e1-9a02c23ac727,1,0,1,0,1,0,0,0,1,0,0,0,1,1,0,0,0,0,0,0,1,1,0,0
5505-29ea27eb-5de1-4d32-8186-7f60c41a1f75,0,1,1,0,1,1,1,1,0,1,1,1,1,0,0,0,1,0,1,0,0,1,0,0
7309-c60c5500-e36c-4dca-b286-38f7ca445374,0,0,0,0,0,1,0,1,1,0,0,0,0,1,1,0,1,0,1,1,1,0,1,0
9778-653468a6-49e6-4d06-a04d-30b279134237,0,0,1,1,1,0,1,1,1,1,0,1,0,1,1,0,1,0,0,1,0,1,0,1
4289-95d39448-153a-4bea-8f06-9dfaac1d6a46,1,0,0,1,0,0,0,0,0,0,0,0,1,0,0,0,1,0,1,0,1,0,1,0
4530-ba82fb84-2c89-49d5-bb6c-c5ca2fba9a58,0,0,0,0,1,0,1,1,1,1,0,1,1,0,0,1,0,0,0,1,1,0,1,0
6653-0cb359ca-e7ac-408b-b54f-58137481b197,0,0,0,1,1,1,1,0,1,0,0,1,0,0,0,1,0,1,1,0,0,0,0,0
3034-29272ca3-8d74-4966-af45-abde44ceb8fe,1,0,1,0,1,0,0,1,0,0,0,0,0,1,0,0,1,0,1,0,1,1,1,1
8327-e40c6b03-aebf-484c-b9bf-d9c4095b11db,0,1,1,1,1,1,1,1,1,1,1,0,1,1,0,0,1,1,1,1,1,0,0,1
9243-bda286c7-d13a-4313-981e-1ca7ca95c3df,1,0,1,0,0,1,1,0,1,1,1,1,1,0,0,0,1,0,1,1,0,0,0,0
9736-75b797d1-3987-4341-a71d-02d4e17122bf,0,1,1,1,1,1,0,1,1,0,1,1,0,1,0,1,0,1,0,1,0,1,1,0
9429-46a44c9e-74d9-4e13-b291-8fdce661e3b3,0,1,1,0,0,1,1,1,1,0,0,1,1,1,1,0,1,0,0,1,1,0,0,0
2900-ec796eb5-bd84-463e-bc14-7e0b929ca190,1,1,1,1,1,0,0,1,1,0,0,1,1,0,0,1,0,0,0,0,1,1,0,0
4160-f12fd785-1675-4fef-adea-4c03f17af5c4,1,0,0,0,1,0,1,1,0,0,1,0,1,1,0,1,1,1,1,0,1,0,1,1
8997-54f22761-f6c9-4b40-a023-d6aa2d20df61,1,1,1,1,1,0,1,1,0,0,0,0,0,1,1,1,0,0,0,0,0,0,0,0
3865-527d65a5-7337-404c-8047-7e5a5834ab7a,1,0,1,1,1,0,0,1,1,0,0,0,0,0,0,0,1,0,0,0,0,0,1,0
7148-57c9b262-63d9-40f7-b325-5ea48cd3f803,1,1,0,0,1,1,0,1,1,0,1,0,1,1,0,1,0,1,1,1,1,1,0,1
2897-7a73044d-6ffb-4879-ab9f-983539ecd5cf,0,1,0,1,0,1,1,1,1,1,0,1,1,1,0,1,1,1,0,1,0,0,0,1
5484-11c30500-bb67-4347-a3a5-73c9084ed4e0,1,1,1,0,1,1,1,0,0,1,1,1,1,1,1,0,0,1,0,1,1,1,0,1
7628-538b7b11-8c16-44ff-9eff-8457d36c9477,0,1,0,1,0,0,1,1,0,0,0,1,1,1,0,0,1,0,1,0,0,0,1,1
9777-5928e512-7877-456c-b1d4-8a3dbfcfc357,0,0,0,1,1,1,1,0,0,0,1,0,0,1,1,1,0,1,1,0,0,0,0,0
6617-d1f626ca-73bf-4764-bb73-32ded9686a5b,1,0,0,1,1,0,1,1,1,0,1,1,1,0,0,1,1,1,1,1,1,0,1,1
5916-b9e7ee9e-c012-47a5-958c-df8e1ad40ed9,1,0,0,1,1,0,0,1,1,1,0,1,0,0,1,0,1,0,0,1,1,0,1,0
4977-3aac1907-f847-4bb5-9371-2996b357b53d,1,0,1,0,0,0,1,0,1,0,1,1,0,1,0,0,1,0,1,1,1,1,1,0
6566-5ca713ef-4882-434d-bb44-26eb4d2c3443,0,0,0,1,1,0,0,1,1,0,1,0,1,0,1,1,1,0,1,0,0,1,1,0
7723-55a98159-9fd8-4880-b378-649b52fae59e,1,0,0,1,1,0,1,1,0,1,0,0,0,0,0,1,1,0,0,0,1,0,0,0
8903-2d85fa39-7f58-496d-81e3-78cc67225f50,1,0,0,1,1,1,1,1,1,0,1,1,0,1,0,1,0,0,1,0,1,0,1,0
1095-e604933b-0062-45e4-818f-1cb03a713061,0,1,1,1,1,1,1,0,1,0,0,0,1,0,0,0,0,0,1,1,1,1,1,0
9821-d8a8233c-27a4-45be-81d7-2a1e89cd158a,1,0,1,0,1,0,1,1,0,1,1,0,1,1,1,1,0,0,1,1,0,1,1,1
5008-8274e5cd-6184-4219-8f95-7b000fc8b778,0,0,0,0,1,1,1,0,1,1,0,1,1,1,1,1,0,0,0,0,0,0,0,1
8081-5b2b83c5-eb0a-408e-8917-243343886e02,0,1,1,1,0,1,1,0,1,0,1,1,1,1,0,0,1,0,1,1,1,1,0,0
2446-a3f1b5ff-f6bd-4556-87c5-16850c36ad82,0,1,1,0,1,0,0,1,1,1,0,1,0,1,1,0,1,1,0,0,0,1,1,0
4247-e7df1c9d-d81e-47be-b8a4-19fd811f048e,0,1,1,1,1,0,0,1,0,0,0,0,0,0,0,0,0,0,1,0,1,1,0,1
5516-b817791f-4e30-41e3-9c55-fa0c2be457ac,0,0,0,1,1,1,1,1,1,0,0,0,0,1,1,0,1,1,1,0,1,0,0,0
4527-dab8ca11-cfc4-4a13-8e83-40e9cb1987dc,0,0,0,1,0,0,0,1,1,1,1,0,0,0,1,1,0,0,1,1,0,0,1,1
3991-3c2ab1be-6bba-4a83-9d5f-91c826925016,1,1,1,1,0,0,1,0,1,1,0,0,0,0,1,1,1,0,1,1,0,0,1,0
2056-707c4534-7a65-4bf8-a918-2faa6ba2fd20,0,1,0,0,0,1,1,0,1,0,1,1,0,1,0,1,1,1,1,1,1,0,0,0
5463-52465f19-d49d-40ce-8f48-81fd2b5e9362,0,1,0,0,0,0,0,0,0,0,0,0,0,0,0,0,0,0,0,0,1,0,1,0
7370-630a6e6c-1bd6-4f60-bf87-83b600404c0d,0,0,0,0,0,0,0,0,0,0,0,0,0,1,1,1,0,1,0,0,0,0,1,1
4572-c07dabf7-705d-4336-915e-cccea705db5f,0,0,1,1,1,0,1,1,0,0,0,0,0,0,0,0,0,0,1,0,0,0,0,0
2576-27947b69-7264-4885-a773-0af593705468,0,0,0,0,1,0,1,1,1,1,1,1,0,1,0,1,0,1,1,1,1,1,1,1
9699-78140f02-b30d-4500-bcc5-7c5081517b3c,0,0,1,0,0,1,0,0,1,0,1,1,0,0,1,1,0,0,1,1,1,1,1,0
7903-372fb0dd-3698-4ab5-a8a2-b95d5be10b80,0,1,0,1,0,0,1,1,0,1,1,0,1,1,1,0,0,0,0,0,1,1,1,0
7890-d85a39ea-2c77-436a-be34-21c1ba23d57d,1,1,0,0,1,0,1,0,0,1,1,0,0,0,1,1,1,1,0,0,0,1,1,1
5903-5f7e9603-6d37-4bf0-9665-e003346ba60b,1,1,1,1,1,1,0,0,0,1,1,1,0,0,0,1,0,0,1,1,0,0,0,0
3984-0137db25-2887-4c48-b53c-ef60d9060e69,1,0,0,1,0,0,0,1,1,1,0,1,1,0,1,1,1,0,0,1,0,0,1,0
2527-c943151c-2160-413f-99af-28ed4cde98d4,0,1,1,1,1,1,0,1,1,0,1,1,0,1,1,0,0,0,0,1,1,1,0,0
6804-1acc194d-dd91-4747-a7f8-cf50f604a29f,1,0,0,1,1,0,1,1,0,1,0,0,1,0,1,1,1,1,1,1,1,0,0,0
1231-9fc456d9-f885-4ee4-a1aa-5cf5d4240152,0,0,0,0,0,0,1,0,0,1,0,1,1,0,1,1,1,0,0,0,0,1,0,0
3728-d9f1e212-74e0-4d74-86ce-503d9dd560ca,0,1,0,0,1,0,1,0,0,0,1,1,0,1,1,1,0,0,0,0,0,1,1,1
1774-cc83bbd8-5e22-4fb1-829e-d2f2c6effd63,0,1,1,0,0,1,0,0,0,0,1,0,0,1,1,0,1,1,0,0,0,0,0,1
8564-cf90e581-e4fd-4fb8-ae2b-ad77b61972cf,0,1,0,1,1,0,0,0,1,0,0,1,0,1,0,0,0,0,0,1,0,1,1,0
1959-f755061e-fe42-444c-afdd-3e651eb072d6,0,1,0,1,0,0,0,1,1,1,1,1,0,1,0,0,1,1,0,0,1,0,1,1
9126-833f9f45-cc4a-4e17-a2d7-0ce41ccbf967,1,0,0,1,1,0,0,1,0,0,1,0,0,1,1,1,1,0,0,0,1,0,0,0
9159-522c1342-9bed-437d-9e66-d6f67ccd4cf0,0,0,1,1,1,0,0,1,1,0,0,1,0,0,0,0,1,0,0,1,0,0,1,1
3345-bfbec6cb-035c-4700-ac79-7773c5be292a,0,1,0,0,0,1,0,0,1,1,0,0,1,1,1,1,1,0,0,1,1,0,1,1
7872-12ecaec6-2995-47e2-9771-054650b59453,0,1,0,0,1,0,0,1,0,0,1,0,1,1,1,0,1,1,0,1,1,1,1,1
7189-3f8c4b8e-883a-4c62-ae66-277f4b03e1a4,0,1,0,1,0,0,1,1,0,1,1,0,1,0,0,0,0,0,0,1,0,1,1,1
1302-ea85ff96-7fd4-4287-8006-7482171a5eb4,1,1,1,1,1,0,0,1,1,1,1,1,1,1,0,0,1,1,0,0,1,0,0,1
3513-8203dcda-5181-4a50-a1aa-4f0b21c7c1a8,0,0,1,0,0,1,1,1,1,1,1,0,1,1,1,1,0,0,0,0,0,1,1,0
1535-7e6863a8-b31d-48c4-9f60-83d8d9cc6d3e,1,0,1,0,1,1,1,0,0,0,1,0,0,1,1,0,0,0,1,1,0,0,0,0
6401-dc433c3e-fe98-4e75-a6e2-fbecb26b2206,0,1,0,1,1,0,1,1,1,0,1,0,1,0,0,0,0,1,0,0,0,1,1,1
2084-a21b0150-2f35-4fae-9a36-d9d27daa23b8,0,1,1,1,1,1,0,0,0,1,1,0,1,1,0,1,0,1,1,0,1,1,1,0
8081-c0844470-662c-4c65-9c7c-885622a671d0,1,1,0,1,0,1,1,0,1,1,0,0,1,0,0,1,1,1,0,0,1,1,1,0
9208-d3085ef3-0c4e-457d-9b5e-c5b5479b95f0,0,1,0,1,1,1,0,1,1,0,0,1,0,0,0,1,0,1,0,1,1,0,0,1
1044-fe858466-c47d-4108-b620-e50644a82481,0,0,0,1,1,0,0,0,0,1,0,0,1,0,1,1,1,1,0,0,0,0,0,0
3419-bfb7daf8-c956-4cb3-9919-718d50bf81b7,1,1,0,1,1,0,1,1,0,1,1,0,0,1,1,0,0,1,1,1,1,1,0,1
7992-3dec102a-2923-475a-b8f9-05e181f501e2,1,0,0,1,1,1,1,1,1,0,1,1,1,0,0,0,0,1,0,0,0,1,1,1
9112-0ff4257f-f0c8-4d89-8c60-d1960ad3a732,0,0,0,1,0,1,0,1,1,1,1,1,1,0,1,0,0,1,0,1,1,1,0,1
5896-1ec9eaeb-48c4-41a3-b23d-4a88968751de,1,1,0,1,0,1,1,0,1,0,0,0,1,0,1,1,0,0,0,1,0,0,0,0
5311-ddefde6d-1623-446c-87a8-d253665e17fb,0,0,0,1,0,0,1,1,1,1,0,1,0,0,1,0,0,0,0,0,0,1,0,0
1407-11f578e4-db87-42c4-baf7-c48cb6fc8d99,1,0,1,1,1,0,0,1,0,1,0,0,0,1,1,0,1,1,0,0,0,0,0,0
3832-359876b4-69e2-42ca-a6f8-bdfe4ec23670,0,1,0,0,1,0,1,1,1,0,0,0,1,0,0,1,0,1,1,1,0,1,0,1
9545-1d989fc3-607e-4764-b4df-9bce9beee37c,0,0,1,0,1,1,1,1,0,1,1,1,1,1,0,0,1,1,1,0,1,0,1,1
4949-678b7962-764b-46ef-96cb-8760410e7c1c,1,1,0,0,0,0,0,0,0,1,0,1,0,1,0,0,0,1,0,0,0,1,1,0
7743-39f4a658-62b3-4516-935a-9b1d27c494e0,1,1,1,0,0,1,1,0,1,0,1,0,1,1,0,0,0,1,1,0,0,0,0,0
2181-c006ba5f-d95d-4f0f-8f81-2065e560a330,1,0,0,0,1,0,0,0,1,0,0,1,1,1,0,0,0,0,1,0,1,1,0,1
7729-be8a0ce9-ea19-4333-ab60-f8a56c15fc65,0,0,0,1,0,0,1,1,1,1,1,1,0,0,0,0,0,0,0,0,0,0,1,0
6975-7fa90016-6d17-40a8-a6d3-7355301d7598,0,1,1,1,0,1,0,1,1,1,0,0,1,0,1,1,0,0,1,1,0,1,1,0
6225-76971e08-8e50-429d-91ba-c90703e13455,1,0,0,1,1,0,0,1,0,1,0,1,0,1,1,1,1,0,0,1,0,1,1,0
3343-46106a56-25f7-4003-9ffb-7f5bf21ecffd,1,1,1,0,1,1,0,1,1,0,0,0,0,1,0,0,0,0,1,1,0,0,0,0
2709-5284bc38-30c5-41cb-8fae-6b4c32ca0c9b,0,0,1,0,1,0,0,0,1,0,1,1,0,1,1,0,1,1,0,0,1,1,0,1
4295-c89ef2dc-a850-4b89-8006-0e598498d37f,1,1,1,0,1,0,1,0,1,1,1,0,0,1,1,0,1,1,1,0,0,0,1,1
5143-046d14b1-271d-4e01-95af-1e474bb5e18b,0,0,1,1,0,0,0,0,0,0,1,1,0,0,1,0,0,0,1,1,0,0,0,0
8929-6f225c49-72cf-4f51-97ca-3683024013fa,0,1,0,0,0,1,0,1,0,1,0,0,0,1,0,0,1,1,0,0,1,0,1,1
8953-ad79717e-c697-46ca-958c-167af4b40bd7,0,1,0,1,1,1,1,0,1,1,1,1,0,1,1,1,1,0,0,0,1,1,0,0
5952-88d3ecb3-d809-41a6-975a-ce28660242ff,0,0,1,0,0,1,1,0,1,0,0,1,0,0,0,1,1,0,1,0,1,1,1,1
3843-2acb5534-b70c-4565-acb9-1254e24c0cbe,0,1,1,0,0,0,1,0,0,0,0,1,1,0,0,1,1,1,1,1,1,1,0,0
5694-0a031f02-25e9-4426-baf7-d4133b39f64b,1,0,1,0,0,0,0,1,1,1,0,0,1,1,0,0,1,0,1,0,1,0,0,1
9652-26402ad8-424a-47aa-a726-65808d65ace9,0,0,1,1,1,0,1,0,0,1,1,1,0,0,1,1,0,0,0,0,1,1,1,0
9197-50e99256-d885-4d5f-a839-20d27d6a1e9c,1,0,1,1,1,1,1,1,1,0,0,1,1,1,0,0,0,0,1,1,1,1,0,1
3664-36b8392e-beee-4179-9c6f-603ec4d7d9f9,1,0,0,0,0,0,1,1,1,1,1,1,1,0,1,1,1,0,1,0,1,0,1,1
9766-9bab160e-030c-4522-bd10-dff50f6031f2,1,1,0,0,1,0,1,1,1,0,1,1,0,1,1,0,0,1,0,1,0,0,0,0
7173-4c8d7f89-5e7b-4434-95e5-9ec7af9af70f,0,0,1,0,0,0,1,0,0,1,0,1,0,1,0,0,0,0,1,1,1,0,0,1
2474-5791b54a-fe96-4562-9ea9-1fbdce493ab9,1,1,0,1,1,1,0,1,1,0,0,0,1,1,1,1,1,0,0,1,1,1,1,0
7339-d8bef5c4-b5ef-4bfc-9852-9b10848c749b,1,1,1,1,0,0,1,1,0,1,0,0,1,1,1,1,1,0,0,1,0,1,0,1
6843-6fb51e6f-bf9e-4f0b-b2fb-db846b277573,1,1,0,0,0,0,1,0,1,1,0,0,0,1,0,0,1,1,0,1,1,0,0,0
4445-66bf0728-b255-43c1-b8fc-6703d70ba578,0,0,1,1,0,1,1,0,0,1,1,0,1,0,1,1,1,0,0,1,1,1,0,1
9104-eea50d9a-a8f8-47d6-a629-3710b949ea5b,1,0,0,1,1,0,1,1,1,1,1,1,0,0,0,1,0,0,0,1,1,1,1,1
2481-e8f234a1-44ec-4475-9bad-85795ba9e597,1,0,0,1,0,0,1,1,0,1,0,0,0,0,1,0,1,0,1,0,0,1,1,1
2729-0cd0f40e-6236-496a-a29e-ca59188f31ec,0,0,1,1,1,0,1,0,1,1,0,1,1,1,1,0,0,1,0,0,1,0,1,0
2015-15f273a9-e701-49c3-87f1-78eee9453a4e,1,0,1,1,0,0,0,0,0,1,0,1,1,1,1,1,0,1,1,1,1,0,0,1
3792-0fd1edd4-2e35-4f49-b629-f67dec9133d3,0,0,0,0,1,1,1,1,0,0,1,1,0,0,1,0,1,0,0,0,1,0,1,1
6355-40506f86-3306-4a55-8c65-914ab9984801,1,0,1,0,0,1,0,0,0,0,0,1,1,0,0,1,1,1,1,1,1,0,0,1
3397-e9b2a10e-80dd-4d59-92aa-67b8a5649fba,1,0,0,0,1,0,1,1,1,1,0,0,0,1,0,1,1,0,0,0,1,0,0,1
3529-f080861c-6e90-4da2-b33b-b8276d7e5691,0,1,0,1,0,0,0,0,1,1,0,1,1,1,1,1,0,0,0,1,0,0,0,0
7083-1ffab7b0-e403-43db-9e69-c8292b5db493,1,0,0,1,0,1,0,0,1,0,1,0,0,1,1,0,0,1,1,0,1,1,0,1
5608-d463c5d2-63c8-4fa0-9fca-cec8d8eb537d,0,0,0,1,0,1,0,1,1,0,1,1,1,1,0,1,1,1,0,1,1,0,0,1
8645-bf4656fb-7e89-4082-a7d5-d286f008f66d,1,0,1,1,0,0,1,0,0,1,0,1,1,1,0,1,1,1,1,0,1,1,1,0
4746-55507678-bc55-4aef-8044-7866b24d3b12,1,0,0,0,1,1,0,1,1,0,1,0,1,0,0,1,1,0,1,1,1,0,1,1
6255-9471cd44-14b3-431a-aefe-76a825795b28,1,1,1,1,0,1,1,1,1,1,0,0,1,1,1,1,1,0,0,0,1,0,0,1
6847-db7ccc0c-46ec-4a31-8f75-f688e0da489c,0,0,1,1,0,0,0,0,1,1,1,0,1,1,0,0,0,1,1,1,0,0,0,1
9427-123b356c-54d1-496b-b539-bc20d32534b3,1,0,0,1,0,0,0,0,1,0,1,0,0,0,1,1,0,1,0,0,0,0,1,1
4339-fc1c1ac8-1cc8-4bad-a505-f0b3e5814de2,1,1,0,1,0,1,0,1,0,1,1,0,0,0,1,0,1,1,0,1,0,1,0,1
3359-03b1f5fe-b8a5-4726-89e9-ebc4d2177748,0,0,1,0,1,0,1,1,0,0,1,0,0,0,1,1,1,0,0,1,1,1,1,0
4735-3149cbc9-eda0-4552-832c-ef2c93218dbb,1,1,0,0,0,1,1,0,0,0,1,1,0,1,1,0,1,1,1,1,0,0,0,0
9335-cca16715-3036-46d1-ac2b-985c85ab0509,0,1,0,0,1,1,1,1,0,0,1,1,0,0,0,1,1,1,0,1,1,0,1,1
8351-a41a531b-120c-478b-b180-5b0301c3fa26,0,0,0,1,0,1,1,0,1,0,1,1,0,0,1,0,0,0,0,0,0,1,1,0
8730-371267e4-effa-47a7-ae25-2d7673875ccb,1,1,1,1,0,0,0,0,1,0,0,0,0,1,0,0,1,0,1,0,0,0,0,1
6075-816b015f-883d-4493-9ebd-103f8264fb44,0,0,0,1,1,1,0,1,1,0,0,1,0,1,0,0,0,1,0,0,1,1,0,0
6212-4f12da8a-0b54-4f70-b876-c2e15e9d3904,0,0,0,1,1,0,1,0,0,0,1,1,1,0,0,1,0,0,1,0,1,0,0,0
5572-d4219280-68eb-4b39-9afa-86ea3d0126e1,0,1,0,1,1,1,1,1,1,1,1,1,1,0,1,1,1,1,1,0,1,0,1,0
1922-541a7e8c-a878-4198-87b1-65b12c984131,0,1,1,0,1,1,1,0,1,0,0,1,1,0,0,0,1,0,0,1,0,0,0,1
5081-ebaab9bb-6a66-48f8-b5c1-ee97ce15f37b,1,1,0,1,0,0,0,0,1,0,1,1,1,0,1,1,1,0,0,1,1,1,1,0
3211-a82579dc-cfe1-4c8f-ba97-ed58fa9da598,0,1,1,1,0,0,0,0,0,0,1,1,0,0,1,1,0,0,0,0,0,0,0,0
6406-92753adf-780b-49a3-b29e-a66598366d56,0,1,1,0,1,1,0,1,0,1,1,1,0,0,0,0,0,0,1,0,0,0,0,0
5925-cc428c9d-5882-4201-a913-f4a7c16297ed,0,0,1,1,1,1,0,0,1,0,0,1,0,0,0,1,1,1,0,0,0,0,0,0
5625-370ea165-7f11-4ff2-b013-bc16d339139d,1,0,0,1,1,0,0,0,0,1,0,1,1,1,0,0,0,1,1,1,0,0,1,0
1900-30763523-b39a-4cef-8cc4-123dcaabf90f,0,0,0,0,1,0,1,0,0,1,1,0,0,1,0,0,1,0,1,1,0,0,0,1
4438-38d552d7-6dd8-4599-96b7-ecb3d5b9a3f3,0,1,0,0,0,0,0,0,1,1,1,0,1,0,1,0,0,0,0,1,1,1,0,0
3006-d1b3d43b-cf60-489f-af8e-55c56441369d,0,1,0,0,1,1,1,0,0,0,1,1,1,0,1,0,1,1,1,1,1,1,0,1
1789-caa1f488-4a07-4afd-b416-6b0c86a51818,1,0,1,1,1,1,1,1,1,1,0,0,0,1,0,0,0,0,0,1,0,1,0,1
4982-e8a50c59-5c8b-46f0-93c4-fa50ef657730,0,1,0,0,0,0,1,0,0,0,0,1,1,1,0,0,0,1,1,1,1,0,1,1
5423-e0a3ce7a-85dd-4bfb-9f4d-791658adfe8a,1,0,0,1,0,1,0,1,0,1,1,1,1,1,1,1,1,1,1,1,0,0,1,0
3546-888f6af9-26f5-49a3-8d39-ea0432d74dfa,0,1,1,0,0,1,0,1,1,0,0,0,0,1,0,0,0,1,1,0,0,1,1,1
9377-7955707f-0c14-45d5-a5ef-293ebefca5ac,0,1,1,1,1,1,1,0,1,1,0,1,1,1,1,1,0,1,0,0,0,1,0,0
5426-abc594f2-6b8d-4973-b33a-e3ebd5d22e56,1,1,0,1,0,0,1,1,1,0,0,1,1,0,1,0,1,1,1,0,0,1,1,0
6788-c194d0c6-a908-411d-a901-51ebf943c443,0,1,1,0,1,0,1,0,0,1,1,1,1,1,1,0,1,0,0,0,1,1,0,1
8578-58c12fcb-262a-4bdc-8c92-004eba66e5da,0,1,0,0,0,0,1,1,1,0,0,0,0,0,0,1,0,1,1,0,0,0,1,0
7823-e6263d97-afda-4780-ae8d-ce5909bf6d00,1,0,1,0,0,1,0,1,1,1,0,1,0,0,1,1,0,1,1,0,0,0,0,0
6728-9bdb62bd-4235-4197-a63d-570609667dd7,1,0,0,0,0,0,0,0,0,0,1,0,1,1,1,1,1,1,1,0,0,0,0,1
2637-5b072e66-062b-47ad-947d-132e64432d21,0,0,0,0,1,1,0,0,1,0,0,0,1,1,1,0,0,1,1,0,1,0,0,1
9229-67da644f-56ea-4077-9d37-dd8c7d0fa2cf,1,1,0,0,1,0,0,0,1,0,0,0,1,0,1,1,0,0,0,0,1,1,0,0
4799-efeb80c3-b04c-496b-84ba-c9df8e2de552,0,1,0,0,0,1,0,0,1,1,1,0,1,0,0,1,0,1,1,0,1,1,1,0
9967-8c118803-a539-44fe-80bc-e28a9f750481,0,0,0,0,0,1,0,0,1,1,0,0,0,1,0,0,1,1,0,1,1,1,1,1
4004-dcc797c2-7a9a-4a8a-9603-b74ae645b0be,0,1,0,0,1,1,0,1,1,0,0,1,1,0,1,1,0,0,0,0,1,1,1,0
6135-ab3bf38e-cb33-4a9b-ab9b-f4e1c3144bf8,0,1,1,0,0,0,1,0,1,1,1,0,1,1,0,1,1,1,1,0,0,1,1,1
7672-453fa1fb-7435-4af8-810d-7a19a1dda949,1,0,1,0,0,0,0,1,0,0,1,0,1,0,0,0,0,0,1,0,1,1,0,0
4999-cca3626d-546e-45ae-bc08-f4fa2c43f568,1,1,0,0,0,0,1,1,0,1,1,1,0,0,0,1,1,1,0,0,0,1,1,1
6489-8422e98c-26a5-4916-9b86-3068e468d8d3,0,0,1,0,1,0,1,1,1,0,1,0,0,1,0,0,1,0,0,0,1,0,0,1
4184-fbf07f04-e527-4dc8-a928-26348073682e,0,1,0,1,1,0,0,1,1,0,1,1,0,0,0,0,0,1,1,0,0,0,0,1
5032-a0e65723-f5e5-4bff-b803-39ce88e85a38,0,0,0,0,0,0,1,1,1,1,1,0,1,1,1,1,1,1,1,1,1,1,1,1
3420-8903c4a3-ea12-4789-a3b0-9daf628bd079,1,0,1,1,0,0,1,0,0,0,1,0,1,1,1,1,0,0,0,1,0,1,1,1
9826-122b4c7e-52aa-4f83-b7f0-40bcf068aaa5,1,1,1,0,0,0,0,0,1,1,0,1,1,1,1,0,0,0,0,0,1,1,0,1
1487-6c4ea7d8-6a34-4aeb-8069-5a1bdc90e080,1,1,1,1,0,0,0,1,0,1,1,1,1,1,1,0,1,0,0,1,1,1,1,0
6490-4f4035c6-b9a3-45f5-9006-1271623d19f9,0,0,1,0,0,1,0,1,1,0,0,1,0,0,0,1,0,1,1,1,0,0,0,1
2468-146745cd-7a49-4911-b17c-211f176f76e7,1,1,1,1,0,1,0,1,0,0,0,1,1,0,0,0,0,0,0,1,0,0,1,1
5124-efe6e6a6-8eb1-443f-8ca2-a2e04848064b,0,0,1,1,0,0,0,0,0,1,1,1,0,0,0,1,0,0,0,1,0,0,0,0
1805-e87054dc-916e-41a6-9bb4-99936c504f38,1,0,0,0,0,1,0,1,0,0,0,0,1,0,0,1,1,0,0,1,0,1,0,1
4310-68f98281-e200-459e-8461-4bd29d930588,0,0,0,1,1,1,0,0,1,1,0,1,0,0,0,1,0,1,1,1,1,0,1,1
7107-9f320c48-0f1a-4443-b80a-6b9b942d87bd,1,1,0,1,1,1,0,0,1,1,1,0,1,0,1,0,1,1,0,0,1,0,1,0
3373-c5782926-e0d7-4544-8178-472183bd0291,1,0,1,1,0,1,1,1,1,0,1,1,1,0,1,1,1,0,0,0,1,0,0,0
9862-36e8cfc1-80c9-4b9b-aa8e-1f5cc188a9e1,0,1,0,1,0,0,1,1,0,1,0,1,0,0,0,1,1,1,0,0,1,1,1,1
3526-957affbd-8dfd-4790-af27-b210036cc027,1,1,1,0,0,1,0,1,0,0,0,1,1,1,1,1,0,1,0,1,0,0,1,0
5087-648949da-45d4-404a-b2d6-ec442911cb3a,1,0,1,0,0,0,1,1,1,1,0,1,0,0,0,0,1,1,0,0,1,0,1,0
4618-80ba9c94-8c1a-4deb-98c7-d29233da643f,1,0,1,0,0,0,0,0,1,0,0,0,0,1,1,1,1,1,1,1,1,1,0,1
9411-4f3c7c3e-e97b-438b-8404-c97da33207a7,1,0,1,0,1,1,0,1,0,1,1,0,0,0,1,1,1,0,0,0,1,1,0,1
4109-99a0fb2e-4dbf-4af2-828e-6e6219a859af,1,0,0,0,1,0,1,0,1,1,1,0,1,1,1,1,1,0,0,0,0,1,0,1
1544-3b5f494a-cb58-4d68-a405-5f344dadd9cb,1,1,0,0,1,0,0,1,0,1,1,0,0,0,1,0,1,1,1,1,0,1,1,1
2231-a5483001-62ea-48ac-9d18-943f4605b63f,0,0,0,1,1,0,0,0,1,0,0,0,1,1,1,1,0,0,0,1,1,1,1,1
5978-6a418cd7-fe6c-4d5a-bba4-d3121b613312,0,1,0,1,1,0,0,0,1,0,0,1,1,0,1,1,1,1,0,0,1,1,1,0
2923-d8ce74f1-6605-491c-ade0-174de9c3182a,0,1,0,0,0,0,0,1,0,0,0,0,0,1,0,0,1,0,1,0,1,0,1,1
9070-fe9c1171-371d-4dc8-b176-f7a87628daf2,0,1,0,0,1,0,1,1,1,1,1,0,0,1,1,0,0,0,0,0,1,1,1,0
6865-823490d9-82ba-46b9-9f93-f4f7014f4151,1,0,1,1,1,0,0,1,1,1,0,1,1,0,0,0,1,0,0,1,0,0,0,0
9894-8c5a060d-31a2-4cca-a9cd-9a2ffdb1dd59,1,1,1,1,0,1,1,1,1,0,1,0,1,1,1,1,1,0,1,0,1,1,1,1
6132-1b02d77a-325b-425c-81a6-25c68a58caa1,1,1,0,1,1,0,1,1,1,1,1,0,1,0,0,1,0,0,1,0,0,1,0,1
4746-1fbdccde-622a-4086-9f3e-6372d0257302,1,1,1,0,0,1,1,1,1,1,1,0,0,0,1,0,0,1,1,1,1,1,0,1
8543-cc6a9b83-a0bf-40f1-8f81-ffa794374d11,0,0,0,1,0,0,1,0,0,1,0,1,0,1,0,1,1,1,1,0,0,0,0,1
5634-7d0716ea-4f36-448b-aff9-6f97c968399a,0,0,0,1,1,1,1,0,0,0,1,0,0,1,1,0,0,0,0,0,1,0,0,1
4814-0bafd92a-a500-45ab-a277-e1feeec4ac0c,0,1,0,1,1,0,1,0,0,1,0,1,1,0,1,1,0,0,1,0,1,1,0,0
9972-24ce8d81-8c8f-424d-9616-46af0cee0d39,1,1,1,0,0,1,0,1,0,0,0,0,0,0,0,1,1,0,0,1,1,0,1,1
7351-68e3ecb7-e3fa-4015-98b5-46cebb7af02b,1,1,0,0,1,1,1,0,1,1,0,0,1,0,1,0,1,1,1,1,1,0,0,0
9849-dcfad48f-4320-4374-899a-e453b521b040,0,1,1,0,0,0,0,0,1,1,1,1,1,0,1,1,0,0,1,1,1,1,1,0
9843-80df9184-9318-418b-b511-6f5ff4e41c25,0,1,0,0,0,1,1,1,0,1,0,0,0,0,1,0,0,0,0,1,0,0,0,0
6092-8963cefc-221e-48ae-bdac-06dcac97ca41,0,1,0,0,1,0,1,1,0,1,0,1,0,1,1,1,0,1,0,0,1,1,1,0
9500-d7e3ca0d-b820-4aeb-a259-25bd5129fee0,1,1,1,0,0,0,0,1,0,1,0,0,0,1,0,1,0,0,1,0,0,0,1,1
4256-b3910cd6-3a8c-4744-af03-1f30de1801ba,0,0,1,1,1,1,0,0,0,0,0,1,1,1,0,0,0,1,0,0,1,0,1,0
8101-ea7efeda-8e2a-49b8-84d9-5b9c4ff6aba6,1,1,1,0,0,0,0,1,1,1,0,0,0,0,0,1,0,0,0,1,0,0,1,1
3931-6f3f85db-c185-47a1-9211-a8197e76e0e5,0,0,1,0,0,1,0,0,0,0,0,1,1,1,1,0,0,1,0,0,0,1,0,1
1707-bba8c50f-3d50-41ba-b5d6-aa93c8f59c2a,1,1,1,0,1,0,1,1,1,0,1,1,0,1,1,0,1,1,0,0,0,0,1,1
8166-992a738c-2c3d-4154-a9e0-b4953a98cece,1,0,1,1,0,1,1,0,1,0,0,1,0,1,0,1,0,1,1,0,0,1,0,1
8815-1f237dba-d502-43d6-971b-bf244c77e132,0,1,1,1,0,1,1,1,0,1,1,1,0,0,1,1,1,1,1,0,1,1,0,0
9785-43a41e43-c5cf-43c9-903c-902386c8a49d,0,0,0,0,1,1,1,0,1,1,0,0,0,0,0,0,1,1,1,1,1,0,0,1
1675-e268a1bb-e203-4566-88cb-cb3280afbe98,1,0,1,1,0,1,1,0,1,0,1,0,0,0,0,0,1,0,0,0,1,1,0,1
3134-b5767fa6-d72f-4cdb-bd64-caec0bab24e5,1,0,1,0,0,0,0,0,0,1,0,1,1,1,1,1,1,0,0,1,0,0,1,0
4401-e2c92a7f-03c6-41ec-ad06-c73a99229cca,1,0,0,1,0,1,1,1,0,0,0,1,0,0,1,1,1,0,0,0,0,0,1,0
5820-96dcbcd1-3de9-4bba-8f04-0b62593eef2c,1,0,0,1,0,0,1,1,0,0,1,0,0,0,1,1,1,1,0,1,0,1,1,0
8095-3087bff8-4bda-4866-82e9-48eed5ab9c38,1,1,1,0,0,1,0,0,0,1,1,1,1,1,0,1,1,1,0,0,1,1,0,0
4926-7ebccdd6-8299-4846-a923-493ffbfc51b8,1,0,1,1,0,1,0,1,0,1,1,1,0,0,0,1,1,1,0,0,1,0,0,0
2802-41b39b4a-5846-4735-b834-7a4266272a2a,0,1,1,1,1,1,0,1,1,1,0,1,1,0,0,0,1,0,0,1,1,0,0,0
4006-0db8ddc4-886a-412e-afe3-272882c757eb,1,1,0,1,1,0,0,1,0,1,1,1,0,1,0,1,1,0,1,1,0,1,0,1
9013-5afe106b-03ff-4988-b69d-1df6ed0d8682,0,0,1,1,0,1,0,1,1,0,0,0,0,1,1,0,1,1,0,0,0,1,1,0
3372-ae6e5116-17f9-49fc-af9a-9a3b35b8771e,0,1,0,1,1,0,1,0,1,0,0,1,1,1,0,0,1,1,0,0,0,0,0,0
7093-992a2a02-5d16-4e2b-8a79-37d6ffd535ff,1,0,0,0,1,0,1,1,0,1,0,1,0,0,1,0,0,0,1,0,1,0,0,0
6274-96c26b13-db04-40dc-b616-73dd1bc59a0c,1,1,0,1,1,0,1,1,0,1,0,0,0,1,1,0,1,1,1,0,0,0,0,1
4309-c437a4d7-adf0-474b-bba9-450ebb75a0e2,0,0,0,0,1,0,0,0,1,0,0,1,1,0,1,1,0,0,1,1,1,1,0,1
5729-601d594c-3430-4195-a635-cdf77161eac0,0,1,0,1,0,0,1,1,0,1,0,0,1,1,1,1,1,1,0,1,1,1,0,0
5319-2065b6e5-7098-4e09-a037-a174c847aa66,1,1,0,1,0,1,1,0,1,1,1,1,0,0,0,0,0,1,0,0,1,0,1,1
3958-6639e84e-42f7-492d-a27d-70fdfa0799e7,1,0,0,1,0,1,0,0,0,0,0,0,0,0,0,0,0,0,1,1,0,1,1,0
7713-57ad35df-ed93-45a9-8f2a-df60450e6abf,0,0,1,0,0,0,1,1,1,1,1,0,0,0,1,1,1,1,1,0,0,0,0,0
9928-cdc643e8-af54-44ad-8e64-d75cf907e1c3,0,0,1,1,0,0,0,0,1,1,1,0,0,0,1,1,0,0,1,1,1,1,1,0
8733-8c7d5501-379e-405b-9c15-7411c218f591,0,1,0,1,1,1,1,0,1,1,0,0,1,1,0,1,1,1,0,0,0,1,1,1
2521-68bf6b0f-26de-4af1-a91f-bee1e7f5594e,1,1,0,1,1,0,0,0,0,0,1,1,1,0,1,0,1,1,1,0,1,0,1,0
6624-40dde1a0-b530-4f21-83cd-0d9deaff5ca2,0,1,0,1,1,1,0,1,0,0,0,1,0,0,0,1,0,0,1,0,0,1,0,0
8813-a234792b-39ce-43b5-af80-501c11b71b9a,0,0,1,0,1,0,1,0,0,1,1,0,1,0,1,0,1,1,1,1,0,1,0,0
9460-89ac228b-5227-4242-bf09-f9b50a83eb26,1,0,1,0,0,1,1,0,0,0,0,0,0,1,1,0,0,0,1,1,0,0,1,0
5212-3826138f-e322-41ec-8a3b-2c27dba8a1a8,0,1,1,1,1,0,1,1,1,1,1,0,0,1,0,1,0,1,1,0,1,1,0,1
1467-42c5f679-e426-40d3-bba0-b525da68e8e6,1,1,1,1,1,0,0,0,0,0,0,1,0,0,1,0,1,0,0,1,0,0,1,1
2733-d95f7274-b9cd-4316-bd49-948ae40c7d80,0,0,1,0,0,1,1,0,1,1,1,0,0,0,1,1,0,1,1,0,0,0,0,1
9489-06f90247-50c3-4af4-94dc-38fd5254054e,1,1,1,1,0,1,0,0,0,1,0,1,0,1,0,0,0,0,1,1,1,1,0,1
2511-102ee215-64e4-41ce-bc59-859cba27760c,0,1,0,1,1,1,0,1,0,1,1,0,1,1,0,1,1,1,1,0,0,0,0,1
2896-ae1d1cb1-b786-47f4-a62b-4a8b8eb50175,1,1,0,1,0,0,1,0,1,1,1,0,0,1,1,0,0,1,0,0,0,0,1,1
5858-f10bcf2a-5611-44da-8e28-6bb512c3ce25,0,0,0,1,1,1,1,0,1,1,0,0,1,1,1,0,0,1,0,1,0,1,1,0
3732-b6c71117-f76b-41b3-9d04-f0549c6949fe,1,0,0,1,0,0,0,0,1,1,1,0,0,0,0,0,0,0,0,0,0,1,0,0
3939-7d2493af-fa37-47b3-aacd-1d28fb6c656e,0,1,0,1,1,0,0,0,1,0,1,0,0,0,1,1,1,0,1,1,1,1,1,1
9842-39a1ca48-ea2a-4e57-8742-7b9148d0093d,1,0,0,0,0,1,0,0,1,1,1,0,0,0,1,1,0,0,0,0,0,0,1,0
5673-2289ca00-f6cc-4cde-a4a5-6784ebe77643,0,0,0,1,0,0,1,1,0,1,1,0,1,1,0,0,0,0,0,1,1,0,0,0
3283-00b661ff-071f-4914-9f81-6dd171f1ef47,1,1,0,1,1,1,0,0,0,0,0,1,0,1,0,0,1,0,1,0,1,1,1,0
2087-92aadd5d-cc09-481c-b3e9-1675cc4e8e40,1,1,0,1,0,1,1,0,1,0,1,0,1,0,0,1,1,1,1,1,0,0,1,0
3323-d2e0a647-56c2-466c-8312-da1e1c260f85,0,1,0,1,0,0,1,1,1,1,0,1,1,1,0,0,1,0,1,0,0,1,0,0
9659-5db52c2c-4985-4176-b14e-ab5d8f341139,1,1,1,1,1,0,1,1,0,1,1,0,0,0,0,1,1,1,0,0,1,0,0,1
3577-009bbdb2-1996-43a8-b6e7-dbd5be1d441b,0,1,0,1,1,1,1,1,1,0,1,0,1,0,1,1,1,0,1,1,1,1,1,0
9715-0e547abd-4b70-4f4e-88fa-9d4a1f699093,0,0,1,1,1,1,0,1,1,0,0,0,0,1,1,0,0,1,0,0,1,0,0,0
8732-4ea96055-7a75-4c32-98e7-234d45fe8b92,1,1,1,1,1,0,0,1,1,0,1,0,0,0,0,0,0,0,1,0,1,0,0,1
9433-6b38e3f2-2cf0-47c7-97ad-158f9c583a58,0,0,0,1,1,0,0,1,1,1,0,0,1,0,1,1,0,1,1,0,1,1,1,1
6345-0f49c566-dc91-43f5-aae9-ae0734691694,0,0,1,1,0,0,0,1,1,0,1,1,0,1,0,0,0,1,0,0,1,0,0,1
2095-32f73c8a-0e95-406a-afbe-f25faeb13c65,1,0,0,0,1,0,1,1,0,0,0,1,1,1,1,1,0,1,0,0,0,1,0,1
1100-5983de31-fa14-40af-be91-e752d4e2d524,0,0,1,1,1,0,0,0,1,0,1,1,1,1,0,1,0,1,0,1,1,0,1,0
2436-2a63a043-6d5f-4332-8f9c-c3c59b52cd1d,1,0,1,0,1,0,1,1,1,0,1,1,1,0,1,0,0,1,1,0,1,0,1,1
2171-56117e0d-ced5-4dd6-a8d2-414c990a3863,1,0,0,0,0,0,1,0,1,0,0,0,0,1,1,0,0,1,0,0,0,0,0,0
1013-7b8f6a3e-2d91-4dfc-817d-e376225cb0e5,0,1,0,1,1,1,0,0,1,1,0,0,0,0,0,0,0,0,0,0,0,0,1,0
7581-44218f3e-4f65-45d4-b97b-08b79fb09c00,0,0,1,0,0,1,1,1,1,1,1,0,1,1,1,1,1,1,0,0,1,1,1,1
1880-a01d8697-e049-458b-b9d2-19b953f5c016,1,1,1,1,1,0,1,0,0,0,1,0,0,0,1,0,1,1,0,0,1,0,0,0
6457-aeebc074-6e49-40fb-8250-e0ed504c1c49,0,1,0,0,1,0,0,1,0,0,1,0,1,1,0,0,1,0,1,1,1,1,1,0
6618-8aaab3ab-bbe0-4ffe-b526-eaca3f7552ab,0,1,0,0,0,0,0,1,0,0,1,1,0,1,0,1,1,1,0,1,1,0,1,1
7859-d8714fe3-8ed4-438d-ae7b-d30d67a767b2,0,0,0,0,1,0,1,0,1,0,0,1,1,0,1,0,0,0,0,0,1,1,1,1
9441-5c154e61-ce88-40fa-98a4-ace175e5626d,1,0,0,0,0,0,1,0,1,1,1,1,1,1,0,1,0,0,1,0,0,0,0,1
5731-b325c0cc-0427-425d-8341-3bf113044e9b,1,1,0,0,1,0,1,1,1,1,1,0,0,0,0,0,1,0,1,1,1,0,1,1
2379-e2c1dff8-94e9-425b-b990-594c84bf8dd1,0,0,1,1,0,1,1,1,0,1,1,1,1,0,1,1,1,0,0,1,0,1,1,0
7107-6a9b5cca-1af0-4d0f-9595-921cf372c441,0,1,0,1,1,1,0,1,0,0,0,1,1,0,1,1,0,0,1,0,1,1,1,1
2114-66ea8dde-46bb-4de8-b16a-9eef59b4dc07,0,0,1,1,0,0,0,0,0,1,0,0,0,0,1,1,1,1,0,1,1,1,1,0
1473-51806d1b-06eb-4678-9a14-f3bb9ab9757c,0,0,0,1,0,1,1,1,0,0,0,1,0,1,0,1,1,1,1,1,0,1,0,1
7586-8acf222e-bf5b-42b8-a931-15ff4d99374f,0,0,0,0,0,0,1,0,1,0,1,1,0,0,0,1,1,0,1,0,0,1,0,1
2297-fae21f6d-6537-40bf-8b47-29501ae08fa6,1,1,0,0,0,0,1,1,1,1,0,1,1,0,0,1,1,1,0,1,1,0,1,1
1015-14ffcc03-dd1b-4f6c-9c6a-23784fd2c6f9,0,1,1,0,0,0,0,0,1,0,0,1,0,0,1,0,1,0,1,0,1,0,0,0
6367-9b46f6d1-8924-407d-8108-9e44e2f1b987,0,0,0,1,1,1,0,1,0,0,0,1,1,1,1,1,1,1,0,0,0,1,1,1
6760-c135ec95-6ded-4175-9239-04a5108157ef,1,0,1,1,0,0,1,0,1,0,1,0,1,0,0,0,0,0,1,1,1,1,0,1
3115-e1db7593-7ccf-45dc-9844-5c0d429ce090,0,0,0,1,0,0,0,1,1,1,0,1,1,0,0,0,0,0,1,1,0,0,1,1
7576-819dcdcb-0283-4542-aca0-1b967aa058b2,0,0,0,1,0,1,1,1,0,0,1,0,1,1,0,1,0,0,1,0,1,0,1,1
5143-7efe7ceb-9f89-40ba-8c2b-775d2180da80,0,0,0,1,0,0,0,0,1,1,1,1,1,0,1,1,0,0,1,0,1,1,0,0
1762-30a4cfb6-5507-48ab-bf46-b17d235b3461,0,0,0,0,1,1,1,0,1,0,1,1,0,1,0,1,1,0,0,0,1,0,1,1
4076-611b03f3-7691-4147-82a9-0b0fe69fb750,1,1,0,1,1,1,1,0,1,0,0,1,0,1,1,0,1,0,1,0,1,0,1,1
5125-8bbc7257-d6ce-4a42-8e9f-1419fd8189ff,0,0,0,1,1,0,1,1,1,1,0,1,1,0,0,1,0,0,1,0,0,0,1,1
7335-01b36fb7-58ea-4f42-8692-84ecc956e434,0,0,1,1,1,1,1,0,0,0,0,0,0,1,0,0,0,0,0,1,0,1,1,0
2445-65e1e01a-59fb-4d10-9f07-bb748719562a,1,1,0,0,1,0,1,1,0,1,1,0,1,1,1,0,0,0,1,1,1,1,0,1
8284-6e760e5f-2816-4068-a199-a32277a4fb1e,1,0,1,1,0,0,0,0,1,0,0,0,1,0,0,1,0,0,1,1,0,1,1,1
3430-52345f78-7986-43a0-9e55-e9ed6059e0e4,0,1,0,0,0,0,1,1,1,1,0,0,0,1,1,0,0,0,0,1,0,0,1,0
3001-5c581b9d-ad97-41e2-a027-619f9ac5d223,0,1,1,1,0,1,0,0,1,1,1,0,0,1,1,1,1,1,0,0,0,1,1,1
1102-980e2cb2-55fc-43df-9dad-69693071cd3f,0,1,0,0,0,0,0,0,0,1,0,1,0,1,1,1,0,1,0,1,1,0,0,0
7463-1e975c23-5a83-47d9-84dc-a7a23ff1f476,0,0,0,0,1,0,1,0,0,0,0,1,1,0,0,1,1,0,0,0,0,0,1,1
4678-58d27399-8313-4b5d-bd96-9bfdb24e5bd3,0,1,0,1,0,1,0,1,1,0,0,0,0,1,1,1,1,0,0,1,0,1,0,0
6545-ab92f47e-49d3-4a88-a97b-d52ef82bdc72,1,0,0,1,0,1,1,0,0,1,1,1,0,0,1,1,1,0,0,1,0,1,0,0
5098-adb30050-f805-4eb1-b40e-b2a6bc46533d,0,1,0,1,1,1,1,0,0,1,0,0,1,0,1,1,1,1,0,1,1,0,0,0
1343-dc6c7c78-7239-4a7b-89e6-b6f4c64aa3b4,0,1,0,0,0,0,1,0,1,1,1,0,1,0,1,0,0,0,0,0,1,1,1,1
7561-79f865bc-db2f-4ea1-899a-3c074b39f7b8,1,1,1,0,0,0,0,1,1,1,1,1,0,0,0,0,0,0,0,0,1,0,1,0
1603-06e130cf-2ba0-4cde-8ee2-d2b49681ca5b,0,0,1,1,1,1,1,0,0,1,0,1,1,1,0,1,1,1,0,0,1,1,1,0
1035-8d62895c-62aa-4149-b568-80d9ef69710b,0,0,0,1,0,0,0,0,0,1,0,0,0,1,1,0,1,0,0,1,0,1,0,0
4481-1f3ff91d-87eb-440a-9daf-c551af1489ff,1,0,1,0,1,0,0,0,0,0,1,1,0,1,0,0,0,0,1,1,0,1,0,1
6530-c18e83c7-7b0a-45af-a54f-4270f35636ad,1,0,1,0,0,0,1,0,0,0,0,0,0,1,0,0,1,0,1,0,1,1,0,0
2870-a855dba9-5fda-426e-8304-39e9b0f2de5b,0,1,1,1,0,0,0,1,0,0,0,0,1,0,1,0,1,0,1,0,1,0,0,0
9237-e9c49ae4-11c1-42bd-89c2-6950f1264f65,0,0,1,0,0,0,0,1,1,0,1,0,0,0,1,1,0,1,0,1,0,1,0,1
1586-51c537b7-891a-4512-af71-e7781ca7c438,0,1,1,0,0,1,1,1,0,1,0,0,0,1,1,0,1,0,1,0,0,0,0,0
5153-b2b45548-30d8-401f-992f-4952b88ddd15,0,0,1,0,1,0,1,0,0,0,1,1,0,1,1,1,0,0,0,0,1,1,0,0
5659-1528a144-15b5-45cb-a56b-bf64b43de6b9,1,1,1,0,1,0,1,1,1,0,1,1,1,0,0,1,0,1,1,0,1,1,0,0
4437-c95d1703-9a98-4ba6-af9f-121658bdbcef,1,0,0,0,0,0,0,0,0,1,0,0,1,1,1,1,1,1,1,0,1,1,0,1
3391-6dc9adea-ae34-4e5e-965c-764053b8c18b,1,0,0,0,1,1,0,0,1,0,1,1,1,1,0,1,0,1,0,1,0,0,1,1
6284-4bc2b23f-67e3-4583-a5d1-d05fc26121fc,0,1,1,0,1,1,1,1,1,1,0,1,1,1,1,0,0,1,1,1,1,0,0,0
8913-d46d4d2e-e22c-4bd1-bc0a-b0e9deb00418,1,0,1,0,0,1,0,1,1,1,0,1,0,0,1,0,0,1,1,1,0,0,0,1
7929-34a7f1f4-5796-4119-9a36-2476d6350944,1,1,0,0,0,1,0,0,0,0,1,1,1,1,0,1,1,0,0,1,1,1,1,1
8025-a4bc6407-6592-4ef2-bc7e-d47b9cb853a7,0,0,1,0,0,1,0,1,0,0,1,0,1,0,0,0,1,1,0,0,1,1,0,1
2596-8822a9a4-46f0-4192-b182-567ca71f6de9,0,1,0,0,0,1,0,1,1,1,0,0,1,0,1,0,1,1,0,1,0,0,1,1
9574-49a52bcb-99cd-4fc8-830d-9507ed5af2f4,0,0,0,1,1,1,1,0,1,0,1,1,1,0,1,0,0,0,0,0,0,0,0,1
4936-c7ac4724-073a-4349-ad2c-06d4981c7e86,0,0,0,1,0,0,1,1,1,0,1,1,1,1,0,1,0,0,1,1,1,1,1,1
3533-448c2744-4e26-4ace-8c4e-43841302fc9b,1,0,0,1,0,1,1,0,1,1,0,1,0,0,0,1,1,0,0,1,0,1,0,0
6270-780c54c7-5a0a-42cb-9cd1-e98a1d2afc72,1,1,0,0,1,1,0,1,0,0,1,1,0,1,0,0,0,0,0,0,0,0,1,0
7957-05565a6c-6cfc-4c75-b137-3c7036fc8469,1,1,1,1,0,1,1,0,1,1,0,0,1,0,0,0,0,0,1,0,0,0,0,0
3632-c1a7891e-e6be-47e4-834d-a151ca183cc7,1,1,1,1,1,1,1,1,1,1,0,0,1,0,0,1,0,1,1,1,1,1,0,1
2763-b3a4e1d6-f263-4059-a0e3-30f0edd809ec,0,0,1,1,1,1,1,0,0,1,1,0,0,0,0,1,0,1,0,0,0,1,1,1
9196-93f03c65-9071-4e5e-80c0-e7cf3a13ccda,0,1,1,0,1,0,0,1,1,1,1,1,1,0,0,0,0,0,0,0,0,0,1,1
6206-6f6264d1-fb5f-47e0-9b16-78f5c102ccb6,0,1,0,1,0,0,0,1,1,1,0,0,0,1,0,1,1,0,0,0,0,0,0,0
3083-cd04ff90-f79f-4011-9fa9-8179aaf2316e,1,1,0,0,1,0,0,1,0,0,1,0,1,1,1,0,1,1,1,1,0,1,0,1
6531-254da4b8-59d8-4b26-ab62-81b80f60dece,0,0,0,1,1,0,1,1,1,1,1,0,0,1,0,1,0,0,0,0,1,1,0,1
7557-62eeee3a-dd07-4050-8850-f8a493116095,0,1,0,0,1,1,0,1,0,0,1,0,0,1,0,1,1,0,0,0,1,1,0,0
9638-e603b68b-9875-4206-aec4-1c9be1c3b5e7,1,1,1,0,1,0,1,0,0,1,0,1,0,0,0,0,0,0,0,0,0,0,1,1
8927-80208f91-9238-4ddd-8fc2-925ae1745758,0,0,0,0,0,1,1,0,1,0,1,0,1,1,1,1,0,1,1,1,1,0,1,0
5288-ebb5effb-7b2b-4aad-b8d5-68f0bbe0ff8d,1,0,1,0,1,1,0,0,1,1,0,0,1,1,0,0,0,0,1,1,0,1,0,0
4949-ac5a5ddc-75be-4170-8a72-838280f8117c,1,0,0,0,0,1,1,1,1,1,1,0,1,0,0,1,1,1,0,1,1,1,0,1
6181-09383c12-23e5-4284-9922-a08dda47520e,0,0,1,1,1,0,1,1,0,1,0,1,0,1,0,1,0,0,1,0,0,0,1,0
8110-b5f785a2-9af8-4cda-836d-856a7f90c127,1,0,0,1,1,1,1,1,0,1,0,0,0,0,1,1,0,0,1,0,1,0,0,1
8523-e7119def-d2a4-4326-81d2-6b66e94afc4d,1,1,0,0,1,0,1,1,0,1,1,0,0,0,0,1,1,0,0,1,1,0,0,1
7681-86be0788-36ea-458c-8d60-c6077aff6c21,1,0,0,1,1,0,0,0,1,1,0,0,1,0,1,0,1,0,1,1,0,0,1,1
2587-9007e95a-a54d-4456-8243-9feeeb2db075,0,0,1,0,1,1,1,0,1,0,0,0,0,1,1,1,0,1,0,0,0,1,0,0
5651-2d03fa09-b476-4a82-9770-78b6c162d9a6,1,0,0,0,0,0,1,0,0,0,1,1,1,0,0,0,0,1,0,0,1,1,0,1
9573-d957bc4f-f93e-4326-aee4-58066633cb2a,0,0,0,0,1,0,0,1,1,1,0,1,0,1,1,1,0,1,0,0,0,1,1,0
9438-77351cf8-83fc-4793-99e9-f17a0d252f24,1,1,1,0,0,0,0,0,0,1,1,1,0,0,0,0,0,1,0,0,0,0,1,0
7996-0cd6f4ba-e6c2-4c57-8ca5-f5d90c92ac0c,1,1,0,1,1,1,0,1,0,1,1,0,0,0,1,1,0,0,0,0,1,1,0,0
2553-69537315-b6ff-4e00-8311-c17fd0daeecf,1,1,0,0,1,0,1,0,1,0,1,0,0,0,0,0,0,0,0,1,0,0,0,1
8207-7227d07c-d7f7-4188-baf3-61b3328ad8d8,0,1,0,1,1,1,0,1,0,0,1,0,1,0,1,1,0,0,0,0,0,1,1,1
5978-5d2cf5f3-ac71-4fdb-988b-dca8b7a0f407,0,1,0,0,0,0,0,1,1,0,1,0,1,0,1,1,0,1,0,0,1,1,1,1
5078-2f771c14-bc60-40cd-ba12-e1ba78298b4c,0,1,1,1,1,1,0,1,1,1,1,0,1,0,0,0,1,0,1,0,0,0,1,1
4908-13948e73-16a2-4d92-87ff-ca031690eea1,0,0,0,1,0,0,1,0,1,1,0,1,0,0,1,1,1,1,0,0,1,1,0,1
4497-247e1b43-f27c-4433-80ec-d3819bc65183,1,1,0,0,1,1,1,1,0,1,1,0,1,1,1,1,0,0,1,1,1,1,0,0
8808-107a4e05-aa47-4944-ad93-6f00e88eb07c,1,1,1,1,0,1,0,1,0,0,1,0,1,0,1,0,1,1,0,1,1,1,1,1
5492-453b165c-4324-47cf-8b04-b89715cf04b8,0,1,1,0,1,0,1,0,0,1,0,1,0,0,1,0,0,1,1,1,1,1,0,1
7783-da7b3f01-0147-4f5c-bbe2-fdc607581953,1,0,1,1,0,0,1,1,0,0,1,1,0,0,1,0,0,0,0,0,1,1,0,0
2909-c2cab0ad-94b6-4f5c-a015-7b20d806ffb1,1,1,1,1,0,0,0,0,1,1,0,1,1,0,0,1,0,1,1,1,1,1,1,0
1228-5ece99a4-48c1-4380-b98a-e4412c346792,1,1,1,1,1,1,0,1,1,0,0,1,0,1,0,0,0,0,1,1,1,1,1,1
8897-9054b2ee-fc7f-4b7d-9d40-cee3cf1fcb9a,0,1,1,0,0,0,0,1,0,0,1,1,1,0,1,1,0,1,0,0,1,1,1,1
2066-80778f84-8eaf-4d0c-b92a-d9db690356d7,1,1,0,1,0,0,0,1,1,0,1,1,1,1,0,0,1,0,1,0,1,1,1,0
7451-1cfdf216-d8cd-4765-8302-21e81ff9a9c7,1,0,0,1,0,1,1,0,1,1,1,1,0,0,1,0,1,0,0,1,0,0,1,0
7149-4223057f-1522-4901-a423-e6881be5ab1e,1,1,0,1,1,1,0,1,1,1,0,1,1,0,0,0,1,0,0,1,1,1,0,1
9729-2d2059d1-64be-40e0-80c4-c8084cb6017c,1,1,0,0,1,1,1,1,0,1,1,0,0,1,1,0,1,1,1,1,0,0,1,0
4104-c55b197f-aad8-4327-90df-3e5da2e558dd,0,0,1,0,1,0,0,1,0,1,0,1,0,1,0,0,0,1,1,0,0,0,0,1
2524-f04c838a-a2eb-4d8a-827a-2e044c16752e,0,0,1,1,0,0,1,1,1,0,1,0,1,1,1,1,1,0,1,0,1,1,0,0
9875-1f2c3558-1a85-4268-874b-c41eb10d960e,1,1,1,1,0,1,0,0,0,0,1,0,1,1,0,1,0,0,0,0,1,0,1,0
3869-a48879cb-8dcc-4113-9c70-59af049cd573,0,0,1,0,1,1,1,1,1,0,0,1,1,0,1,0,0,0,1,1,0,0,0,0
6049-f0dccee7-2b4b-48ae-b015-c30364f5e0b6,1,1,1,0,0,0,1,1,1,1,1,0,0,1,1,0,0,0,0,1,0,0,0,1
8862-314d3892-cf62-4a4c-bc36-f2a8d8008c00,0,1,1,1,1,0,0,0,0,1,0,1,0,1,0,0,0,1,0,0,1,1,1,1
1937-3b01855b-905d-4f08-bc22-c1a53c978751,0,0,1,1,0,1,1,0,1,1,0,1,0,1,0,1,0,0,1,1,0,1,1,0
6054-78d42936-19d4-4a58-8809-4dba6b17f645,0,0,1,0,1,0,0,1,1,1,0,0,0,1,1,1,1,1,1,1,1,0,0,1
1078-05327697-a3f1-47a9-8ce7-a2b0f20ec743,0,1,1,1,1,0,0,0,0,0,0,1,1,0,0,1,0,0,0,0,0,1,1,0
7630-4590a077-0efa-4eea-8bd2-6d59c405c275,0,1,1,0,1,1,1,1,0,1,0,0,1,0,1,0,1,0,0,1,0,0,1,0
2152-c707f607-e5e0-4b13-8ac5-f1c6354fed99,1,1,1,0,0,1,1,0,1,0,0,1,0,1,0,0,1,1,1,1,0,1,0,0
9652-75dfed9c-e866-49c3-8d62-933d972b539e,1,1,1,1,1,1,1,1,1,1,1,1,0,1,0,1,1,1,0,0,0,1,1,1
3640-34156097-f3f1-4713-8d47-c6b4080a6d9e,1,0,0,1,0,0,0,0,0,0,1,0,1,0,1,0,0,0,1,1,1,0,1,0
1568-d5931955-aefd-4705-bfea-1293c95a0e7d,1,0,0,1,1,1,0,1,0,0,0,1,1,1,0,1,0,1,0,1,1,0,0,1
2845-ba434bf6-6477-4484-a1bd-48ab63856ea7,1,0,0,0,0,1,0,1,0,1,1,1,1,1,1,0,0,1,1,1,0,0,1,1
7590-885b9ba9-b8a9-4a39-9f42-5a7b2eefe51b,1,1,0,1,0,1,0,1,1,0,1,1,1,0,1,0,0,0,0,0,1,1,0,0
4455-9fadfbec-2895-472e-9085-1d014d16674b,0,1,0,1,0,0,1,1,1,1,0,1,0,0,1,1,0,1,0,0,1,0,0,1
2786-e59bb940-f061-49e1-9f20-4f3384b8ff40,0,0,0,1,0,1,0,0,1,1,0,1,1,1,0,0,1,0,1,1,0,1,0,0
6341-d989daf2-8f02-4fe7-aa17-64e592041107,1,0,0,0,0,1,1,1,0,1,0,1,1,0,1,0,0,0,0,0,0,1,0,0
8730-3c127c25-1577-43a0-adf4-5189d8f83a5c,0,0,1,1,1,0,1,0,0,0,0,0,1,0,0,1,0,0,1,1,0,0,1,1
9573-7befc8de-4697-4f97-a02d-ea36b6a893ae,0,0,1,1,1,1,1,1,0,1,1,0,1,0,1,0,0,0,1,0,1,0,1,1
